id,Nome,Organizzatore,Eventi,Anno,Capienza,Costo medio,Tipologia,Indirizzo,Latitude,Longitude,Epoca di costruzione,Ricostruzione,Restauri,Rifacimento,ID foto,Data_foto,Thumbnails,Immagini_originali,Link_Thumbnail
002s,Agape degli Artisti,,3,ND,,,Sala da concerto,"Via Mulino delle Armi, 12, Milano, Italia",45.45643561,9.18585241,,,,,s002,21/06/1961,"<img src =""https://github.com/martinnicastro/topografia_musicale/blob/main/images/thumbnails/s002.jpg?raw=true"">","<a href=""https://github.com/martinnicastro/topografia_musicale/blob/main/images/originals/s002.jpg"" target=""_blank"" rel=""noopener"">Immagine dimensioni originali</a>",https://github.com/martinnicastro/topografia_musicale/blob/main/images/thumbnails/s002.jpg
005s,Auditorium Angelicum,Angelicum,150,1953,250,,Sala da concerto,"Via Renzo Bertoni, 5, Milano, Italia",45.47566064,9.19198394,,,,,s005,,"<img src =""https://github.com/martinnicastro/topografia_musicale/blob/main/images/thumbnails/s005.jpg?raw=true"">","<a href=""https://github.com/martinnicastro/topografia_musicale/blob/main/images/originals/s005.jpg"" target=""_blank"" rel=""noopener"">Immagine dimensioni originali</a>",https://github.com/martinnicastro/topografia_musicale/blob/main/images/thumbnails/s005.jpg
018s,Auditorium Pirelli,Centro Culturale Pirelli,3,1960,340,,Sala da concerto,"Piazza Duca d'Aosta, 5, Milano, Italia",45.4848758,9.20159698,,,,,s018,1961,"<img src =""https://github.com/martinnicastro/topografia_musicale/blob/main/images/thumbnails/s018.jpg?raw=true"">","<a href=""https://github.com/martinnicastro/topografia_musicale/blob/main/images/originals/s018.jpg"" target=""_blank"" rel=""noopener"">Immagine dimensioni originali</a>",https://github.com/martinnicastro/topografia_musicale/blob/main/images/thumbnails/s018.jpg
009s,Auditorium Tesio,,1,ND,,,Teatro,"Viale Angelo Salmoiraghi, 2, Milano, Italia",45.48385656,9.1409415,,,,,s009,08/02/1959,"<img src =""https://github.com/martinnicastro/topografia_musicale/blob/main/images/thumbnails/s009.jpg?raw=true"">","<a href=""https://github.com/martinnicastro/topografia_musicale/blob/main/images/originals/s009.jpg"" target=""_blank"" rel=""noopener"">Immagine dimensioni originali</a>",https://github.com/martinnicastro/topografia_musicale/blob/main/images/thumbnails/s009.jpg
011s,Basilica di San Ambrogio,"Polifonica Ambrosiana, Piccolo Teatro",37,386,,,Teatro/Sala da concerto,"Piazza San Ambrogio, 15, Milano, Italia",45.46217747,9.17527914,,,,,s011,1953,"<img src =""https://github.com/martinnicastro/topografia_musicale/blob/main/images/thumbnails/s011.jpg?raw=true"">","<a href=""https://github.com/martinnicastro/topografia_musicale/blob/main/images/originals/s011.jpg"" target=""_blank"" rel=""noopener"">Immagine dimensioni originali</a>",https://github.com/martinnicastro/topografia_musicale/blob/main/images/thumbnails/s011.jpg
013s,Biblioteca Germanica,,2,,,,Sala da concerto,"Via Legnano, 24, Milano, Italia",45.47619855,9.1818881,,,,,s013,1958,"<img src =""https://github.com/martinnicastro/topografia_musicale/blob/main/images/thumbnails/s013.jpg?raw=true"">","<a href=""https://github.com/martinnicastro/topografia_musicale/blob/main/images/originals/s013.jpg"" target=""_blank"" rel=""noopener"">Immagine dimensioni originali</a>",https://github.com/martinnicastro/topografia_musicale/blob/main/images/thumbnails/s013.jpg
017s,Castello Sforzesco,Piccolo Teatro,135,,,,Teatro,"Piazza Castello, Milano, Italia",45.4692041,9.1781533,,,,,s017,1960-1970,"<img src =""https://github.com/martinnicastro/topografia_musicale/blob/main/images/thumbnails/s017.jpg?raw=true"">","<a href=""https://github.com/martinnicastro/topografia_musicale/blob/main/images/originals/s017.jpg"" target=""_blank"" rel=""noopener"">Immagine dimensioni originali</a>",https://github.com/martinnicastro/topografia_musicale/blob/main/images/thumbnails/s017.jpg
020s,Centro francese di studi e informazioni,,5,,,,Sala da concerto,"Via Bigli, 2, Milano, Italia",45.46799399,9.1946286,,,,,s020,17/03/1960,"<img src =""https://github.com/martinnicastro/topografia_musicale/blob/main/images/thumbnails/s020.jpg?raw=true"">","<a href=""https://github.com/martinnicastro/topografia_musicale/blob/main/images/originals/s020.jpg"" target=""_blank"" rel=""noopener"">Immagine dimensioni originali</a>",https://github.com/martinnicastro/topografia_musicale/blob/main/images/thumbnails/s020.jpg
025s,Circolo Alessandro Volta,,2,,200,,Sala da concerto,"Via Giuseppe Giusti, 16, Milano, Italia",45.48025712,9.17676508,,,,,s025,13/12/2014,"<img src =""https://github.com/martinnicastro/topografia_musicale/blob/main/images/thumbnails/s025.jpg?raw=true"">","<a href=""https://github.com/martinnicastro/topografia_musicale/blob/main/images/originals/s025.jpg"" target=""_blank"" rel=""noopener"">Immagine dimensioni originali</a>",https://github.com/martinnicastro/topografia_musicale/blob/main/images/thumbnails/s025.jpg
026s,Circolo del Castello,,1,,,,Sala da concerto,"Via Quintino Sella, 2, Milano, Italia",45.47030764,9.18280005,,,,,s026,21/11/1962,"<img src =""https://github.com/martinnicastro/topografia_musicale/blob/main/images/thumbnails/s026.jpg?raw=true"">","<a href=""https://github.com/martinnicastro/topografia_musicale/blob/main/images/originals/s026.jpg"" target=""_blank"" rel=""noopener"">Immagine dimensioni originali</a>",https://github.com/martinnicastro/topografia_musicale/blob/main/images/thumbnails/s026.jpg
027s,Circolo della Rinascente,,9,,,,Sala da concerto,"Via Durini, 24, Milano, Italia",45.46515729,9.19865727,,,,,s027,1919,"<img src =""https://github.com/martinnicastro/topografia_musicale/blob/main/images/thumbnails/s027.jpg?raw=true"">","<a href=""https://github.com/martinnicastro/topografia_musicale/blob/main/images/originals/s027.jpg"" target=""_blank"" rel=""noopener"">Immagine dimensioni originali</a>",https://github.com/martinnicastro/topografia_musicale/blob/main/images/thumbnails/s027.jpg
028s,Circolo della Stampa,,38,1793,200,,Sala da concerto,"Corso Venezia, 16, Milano, Italia",45.46908123,9.19981599,,,,,s028,26/06/2017,"<img src =""https://github.com/martinnicastro/topografia_musicale/blob/main/images/thumbnails/s028.jpg?raw=true"">","<a href=""https://github.com/martinnicastro/topografia_musicale/blob/main/images/originals/s028.jpg"" target=""_blank"" rel=""noopener"">Immagine dimensioni originali</a>",https://github.com/martinnicastro/topografia_musicale/blob/main/images/thumbnails/s028.jpg
029s,Circolo di Via Marsala,,1,,,,Sala da concerto,"Via Marsala, 11, Milano, Italia",45.47827113,9.18775141,,,,,s029,15/04/1960,"<img src =""https://github.com/martinnicastro/topografia_musicale/blob/main/images/thumbnails/s029.jpg?raw=true"">","<a href=""https://github.com/martinnicastro/topografia_musicale/blob/main/images/originals/s029.jpg"" target=""_blank"" rel=""noopener"">Immagine dimensioni originali</a>",https://github.com/martinnicastro/topografia_musicale/blob/main/images/thumbnails/s029.jpg
030s,Circolo Filologico Milanese,,5,1872,230,,Sala da concerto,"Via Clerici, 10, Milano, Italia",45.46728295,9.18721497,,,,,s030,1940,"<img src =""https://github.com/martinnicastro/topografia_musicale/blob/main/images/thumbnails/s030.jpg?raw=true"">","<a href=""https://github.com/martinnicastro/topografia_musicale/blob/main/images/originals/s030.jpg"" target=""_blank"" rel=""noopener"">Immagine dimensioni originali</a>",https://github.com/martinnicastro/topografia_musicale/blob/main/images/thumbnails/s030.jpg
032s,Conservatorio Giuseppe Verdi (sala Puccini),A.Gi.Mus.,60,1952,400,,Sala da concerto,"Via Conservatorio, 12, Milano, Italia",45.46458542,9.20354426,1952,,2001,,s032,15/09/2012,"<img src =""https://github.com/martinnicastro/topografia_musicale/blob/main/images/thumbnails/s032.jpg?raw=true"">","<a href=""https://github.com/martinnicastro/topografia_musicale/blob/main/images/originals/s032.jpg"" target=""_blank"" rel=""noopener"">Immagine dimensioni originali</a>",https://github.com/martinnicastro/topografia_musicale/blob/main/images/thumbnails/s032.jpg
033s,Conservatorio Giuseppe Verdi (sala Verdi),"Societa' del Quartetto, Gioventu' musicale, RAI",182,1958,1420,,Sala da concerto,"Via Conservatorio, 12, Milano, Italia",45.46482997,9.2041719,1908,1958,2001,,s033,post-1958,"<img src =""https://github.com/martinnicastro/topografia_musicale/blob/main/images/thumbnails/s033.jpg?raw=true"">","<a href=""https://github.com/martinnicastro/topografia_musicale/blob/main/images/originals/s033.jpg"" target=""_blank"" rel=""noopener"">Immagine dimensioni originali</a>",https://github.com/martinnicastro/topografia_musicale/blob/main/images/thumbnails/s033.jpg
042s,Famiglia Siciliana,,1,,,,Sala da concerto,"Via Dogana, 2, Milano, Italia",45.46337393,9.18920517,,,,,s042,22/3/1962,"<img src =""https://github.com/martinnicastro/topografia_musicale/blob/main/images/thumbnails/s042.jpg?raw=true"">","<a href=""https://github.com/martinnicastro/topografia_musicale/blob/main/images/originals/s042.jpg"" target=""_blank"" rel=""noopener"">Immagine dimensioni originali</a>",https://github.com/martinnicastro/topografia_musicale/blob/main/images/thumbnails/s042.jpg
044s,Galleria Blu,,1,,,,Sala da concerto,"Via Andegari, 12, Milano, Italia",45.4691038,9.19086277,,,,,s044,26/11/1962,"<img src =""https://github.com/martinnicastro/topografia_musicale/blob/main/images/thumbnails/s044.jpg?raw=true"">","<a href=""https://github.com/martinnicastro/topografia_musicale/blob/main/images/originals/s044.jpg"" target=""_blank"" rel=""noopener"">Immagine dimensioni originali</a>",https://github.com/martinnicastro/topografia_musicale/blob/main/images/thumbnails/s044.jpg
049s,Il Globo (Arena),,0,,2500,,Teatro,"Parco Sempione, Milano, Italia",45.47533938,9.177437234,,,,,s049,1959,"<img src =""https://github.com/martinnicastro/topografia_musicale/blob/main/images/thumbnails/s049.jpg?raw=true"">","<a href=""https://github.com/martinnicastro/topografia_musicale/blob/main/images/originals/s049.jpg"" target=""_blank"" rel=""noopener"">Immagine dimensioni originali</a>",https://github.com/martinnicastro/topografia_musicale/blob/main/images/thumbnails/s049.jpg
050s,Il Globo (Bande Nere),,9,,2500,,Teatro,"Piazzale Giovanni delle Bande Nere, Milano, Italia",45.46206084,9.13713276,,,,,s050,1960 circa,"<img src =""https://github.com/martinnicastro/topografia_musicale/blob/main/images/thumbnails/s050.jpg?raw=true"">","<a href=""https://github.com/martinnicastro/topografia_musicale/blob/main/images/originals/s050.jpg"" target=""_blank"" rel=""noopener"">Immagine dimensioni originali</a>",https://github.com/martinnicastro/topografia_musicale/blob/main/images/thumbnails/s050.jpg
051s,Il Globo (Restelli),,104,,2500,,Teatro,"Via Luigi Galvani, 27, Milano, Italia",45.48836588,9.19588923,,,,,s051,1959,"<img src =""https://github.com/martinnicastro/topografia_musicale/blob/main/images/thumbnails/s051.jpg?raw=true"">","<a href=""https://github.com/martinnicastro/topografia_musicale/blob/main/images/originals/s051.jpg"" target=""_blank"" rel=""noopener"">Immagine dimensioni originali</a>",https://github.com/martinnicastro/topografia_musicale/blob/main/images/thumbnails/s051.jpg
052s,Il Globo (San Barnaba),,21,,2500,,Teatro,"Via San Barnaba, 50, Milano, Italia",45.45973932,9.20235872,,,,,s052,,"<img src =""https://github.com/martinnicastro/topografia_musicale/blob/main/images/thumbnails/s052.jpg?raw=true"">","<a href=""https://github.com/martinnicastro/topografia_musicale/blob/main/images/originals/s052.jpg"" target=""_blank"" rel=""noopener"">Immagine dimensioni originali</a>",https://github.com/martinnicastro/topografia_musicale/blob/main/images/thumbnails/s052.jpg
001s,Istituto dei ciechi (Sala Barozzi),Accademia Csaky,4,,,,Sala da concerto,"Via Vivaio, 7, Milano, Italia",45.46882917,9.20352817,,,,,s001,05/02/1952,"<img src =""https://github.com/martinnicastro/topografia_musicale/blob/main/images/thumbnails/s001.jpg?raw=true"">","<a href=""https://github.com/martinnicastro/topografia_musicale/blob/main/images/originals/s001.jpg"" target=""_blank"" rel=""noopener"">Immagine dimensioni originali</a>",https://github.com/martinnicastro/topografia_musicale/blob/main/images/thumbnails/s001.jpg
053s,Istituto dei ciechi (Sala Barozzi),Polifonica Ambrosiana,19,,210,,Sala da concerto,"Via Vivaio, 7, Milano, Italia",45.4688367,9.20342088,,,,,s053,05/02/1952,"<img src =""https://github.com/martinnicastro/topografia_musicale/blob/main/images/thumbnails/s053.jpg?raw=true"">","<a href=""https://github.com/martinnicastro/topografia_musicale/blob/main/images/originals/s053.jpg"" target=""_blank"" rel=""noopener"">Immagine dimensioni originali</a>",https://github.com/martinnicastro/topografia_musicale/blob/main/images/thumbnails/s053.jpg
066s,Museo della Scienza,Polifonica Ambrosiana,1,,300,,Sala da concerto,"Via San Vittore, 21, Milano, Italia",45.4623656,9.17045653,,,,,s066,1950 circa,"<img src =""https://github.com/martinnicastro/topografia_musicale/blob/main/images/thumbnails/s066.jpg?raw=true"">","<a href=""https://github.com/martinnicastro/topografia_musicale/blob/main/images/originals/s066.jpg"" target=""_blank"" rel=""noopener"">Immagine dimensioni originali</a>",https://github.com/martinnicastro/topografia_musicale/blob/main/images/thumbnails/s066.jpg
019s,Nuovo Ritrovo,Centro Culturale Pirelli,2,,,,Sala da concerto,"Corso Venezia, 40, Milano, Italia",45.47175737,9.20266218,,,,,s019,Novembre 1954,"<img src =""https://github.com/martinnicastro/topografia_musicale/blob/main/images/thumbnails/s019.jpg?raw=true"">","<a href=""https://github.com/martinnicastro/topografia_musicale/blob/main/images/originals/s019.jpg"" target=""_blank"" rel=""noopener"">Immagine dimensioni originali</a>",https://github.com/martinnicastro/topografia_musicale/blob/main/images/thumbnails/s019.jpg
036s,Palazzo Belgioioso,Eidac,1,,,,Sala da concerto,"Via Morigi, 9, Milano, Italia",45.4632761,9.1807839,,,,,s036,,"<img src =""https://github.com/martinnicastro/topografia_musicale/blob/main/images/thumbnails/s036.jpg?raw=true"">","<a href=""https://github.com/martinnicastro/topografia_musicale/blob/main/images/originals/s036.jpg"" target=""_blank"" rel=""noopener"">Immagine dimensioni originali</a>",https://github.com/martinnicastro/topografia_musicale/blob/main/images/thumbnails/s036.jpg
087s,Palazzo Bigli,U.S.I.S.,3,,,,Sala da concerto,"Via Bigli, 11, Milano, Italia",45.46829496,9.19359863,,,,,s087,,"<img src =""https://github.com/martinnicastro/topografia_musicale/blob/main/images/thumbnails/s087.jpg?raw=true"">","<a href=""https://github.com/martinnicastro/topografia_musicale/blob/main/images/originals/s087.jpg"" target=""_blank"" rel=""noopener"">Immagine dimensioni originali</a>",https://github.com/martinnicastro/topografia_musicale/blob/main/images/thumbnails/s087.jpg
069s,Palazzo Borromeo d'Adda,Lyceum,7,,,,Sala da concerto,"Via Manzoni, 41, Milano, Italia",45.4714475,9.19370592,,,,,s069,1948 circa,"<img src =""https://github.com/martinnicastro/topografia_musicale/blob/main/images/thumbnails/s069.jpg?raw=true"">","<a href=""https://github.com/martinnicastro/topografia_musicale/blob/main/images/originals/s069.jpg"" target=""_blank"" rel=""noopener"">Immagine dimensioni originali</a>",https://github.com/martinnicastro/topografia_musicale/blob/main/images/thumbnails/s069.jpg
070s,Palazzo del Ghiaccio,,12,1923,4000,,Palazzetto,"Via Giovanni Battista Piranesi, 14, Milano, Italia",45.46023223,9.22715843,,,,,s070,18/05/1957,"<img src =""https://github.com/martinnicastro/topografia_musicale/blob/main/images/thumbnails/s070.jpg?raw=true"">","<a href=""https://github.com/martinnicastro/topografia_musicale/blob/main/images/originals/s070.jpg"" target=""_blank"" rel=""noopener"">Immagine dimensioni originali</a>",https://github.com/martinnicastro/topografia_musicale/blob/main/images/thumbnails/s070.jpg
041s,Palazzo dell'Informazione,Famiglia Artistica Milanese,5,,,,Sala da concerto,"Piazza Cavour, 2, Milano, Italia",45.47230896,9.19599652,,,,,s041,1943,"<img src =""https://github.com/martinnicastro/topografia_musicale/blob/main/images/thumbnails/s041.jpg?raw=true"">","<a href=""https://github.com/martinnicastro/topografia_musicale/blob/main/images/originals/s041.jpg"" target=""_blank"" rel=""noopener"">Immagine dimensioni originali</a>",https://github.com/martinnicastro/topografia_musicale/blob/main/images/thumbnails/s041.jpg
071s,Palazzo dello Sport,,19,1923,12000,,Palazzetto,"Piazza Sei Febbraio, Milano, Italia",45.47743233,9.15901959,,,,,s071,febbraio 1961,"<img src =""https://github.com/martinnicastro/topografia_musicale/blob/main/images/thumbnails/s071.jpg?raw=true"">","<a href=""https://github.com/martinnicastro/topografia_musicale/blob/main/images/originals/s071.jpg"" target=""_blank"" rel=""noopener"">Immagine dimensioni originali</a>",https://github.com/martinnicastro/topografia_musicale/blob/main/images/thumbnails/s071.jpg
072s,Palazzo Durini,"Gio Ponti, Francesco Malipiero",8,,160,,Sala da concerto,"Via Santa Maria Valle, 2, Milano, Italia",45.46001776,9.18381929,,,,,s072,1967,"<img src =""https://github.com/martinnicastro/topografia_musicale/blob/main/images/thumbnails/s072.jpg?raw=true"">","<a href=""https://github.com/martinnicastro/topografia_musicale/blob/main/images/originals/s072.jpg"" target=""_blank"" rel=""noopener"">Immagine dimensioni originali</a>",https://github.com/martinnicastro/topografia_musicale/blob/main/images/thumbnails/s072.jpg
073s,Palazzo Sormani,Polifonica Ambrosiana,1,,,,Sala da concerto,"Corso di Porta Vittoria,6, Milano, Italia",45.46199687,9.19801891,,,,,s073,2019,"<img src =""https://github.com/martinnicastro/topografia_musicale/blob/main/images/thumbnails/s073.jpg?raw=true"">","<a href=""https://github.com/martinnicastro/topografia_musicale/blob/main/images/originals/s073.jpg"" target=""_blank"" rel=""noopener"">Immagine dimensioni originali</a>",https://github.com/martinnicastro/topografia_musicale/blob/main/images/thumbnails/s073.jpg
074s,Piccola Scala,,153,1955,600,,Teatro/Sala da concerto,"Via Filodrammatici, 1, Milano, Italia",45.46756135,9.18866873,,,,,s074,1955,"<img src =""https://github.com/martinnicastro/topografia_musicale/blob/main/images/thumbnails/s074.jpg?raw=true"">","<a href=""https://github.com/martinnicastro/topografia_musicale/blob/main/images/originals/s074.jpg"" target=""_blank"" rel=""noopener"">Immagine dimensioni originali</a>",https://github.com/martinnicastro/topografia_musicale/blob/main/images/thumbnails/s074.jpg
076s,Piccolo Teatro,,766,1947,620,,Teatro/Sala da concerto,"Via Rovello, 2, Milano, Italia",45.46680515,9.18493509,,,,,s076,1952,"<img src =""https://github.com/martinnicastro/topografia_musicale/blob/main/images/thumbnails/s076.jpg?raw=true"">","<a href=""https://github.com/martinnicastro/topografia_musicale/blob/main/images/originals/s076.jpg"" target=""_blank"" rel=""noopener"">Immagine dimensioni originali</a>",https://github.com/martinnicastro/topografia_musicale/blob/main/images/thumbnails/s076.jpg
079s,Pinacoteca di Brera,,13,,,,Sala da concerto,"Via Brera, 28, Milano, Italia",45.47198921,9.1881752,,,,,s079,2020,"<img src =""https://github.com/martinnicastro/topografia_musicale/blob/main/images/thumbnails/s079.jpg?raw=true"">","<a href=""https://github.com/martinnicastro/topografia_musicale/blob/main/images/originals/s079.jpg"" target=""_blank"" rel=""noopener"">Immagine dimensioni originali</a>",https://github.com/martinnicastro/topografia_musicale/blob/main/images/thumbnails/s079.jpg
080s,Politecnico,,7,,,,Sala da concerto,"Piazza Leonardo da Vinci, 32, Milano, Italia",45.4780981,9.22727108,,,,,s080,2017,"<img src =""https://github.com/martinnicastro/topografia_musicale/blob/main/images/thumbnails/s080.jpg?raw=true"">","<a href=""https://github.com/martinnicastro/topografia_musicale/blob/main/images/originals/s080.jpg"" target=""_blank"" rel=""noopener"">Immagine dimensioni originali</a>",https://github.com/martinnicastro/topografia_musicale/blob/main/images/thumbnails/s080.jpg
004s,Rotonda del Pellegrini,Ambrosianeum,42,,100,,Sala da concerto,"Via delle Ore, 3, Milano, Italia",45.46289234,9.19255793,,,,,s004,,"<img src =""https://github.com/martinnicastro/topografia_musicale/blob/main/images/thumbnails/s004.jpg?raw=true"">","<a href=""https://github.com/martinnicastro/topografia_musicale/blob/main/images/originals/s004.jpg"" target=""_blank"" rel=""noopener"">Immagine dimensioni originali</a>",https://github.com/martinnicastro/topografia_musicale/blob/main/images/thumbnails/s004.jpg
084s,Sala Leone XIII,A.L.C.I.,13,,950,,Sala da concerto,"Via Leone XIII, 12, Milano, Italia",45.47418608,9.1622436,,1950,,,s084,1955-56,"<img src =""https://github.com/martinnicastro/topografia_musicale/blob/main/images/thumbnails/s084.jpg?raw=true"">","<a href=""https://github.com/martinnicastro/topografia_musicale/blob/main/images/originals/s084.jpg"" target=""_blank"" rel=""noopener"">Immagine dimensioni originali</a>",https://github.com/martinnicastro/topografia_musicale/blob/main/images/thumbnails/s084.jpg
104s,Salone degli affreschi (Umanitaria),Teatro del Popolo,22,,,,Sala da concerto,"Via Francesco Daverio, 7, Milano, Italia",45.45914858,9.20184374,,,,,s104,1920-1930,"<img src =""https://github.com/martinnicastro/topografia_musicale/blob/main/images/thumbnails/s104.jpg?raw=true"">","<a href=""https://github.com/martinnicastro/topografia_musicale/blob/main/images/originals/s104.jpg"" target=""_blank"" rel=""noopener"">Immagine dimensioni originali</a>",https://github.com/martinnicastro/topografia_musicale/blob/main/images/thumbnails/s104.jpg
088s,Sferisterio Diana,,3,,2000,,Sala da concerto,"Viale Piave, 42, Milano, Italia",45.47397166,9.20702577,,,,,s088,1937,"<img src =""https://github.com/martinnicastro/topografia_musicale/blob/main/images/thumbnails/s088.jpg?raw=true"">","<a href=""https://github.com/martinnicastro/topografia_musicale/blob/main/images/originals/s088.jpg"" target=""_blank"" rel=""noopener"">Immagine dimensioni originali</a>",https://github.com/martinnicastro/topografia_musicale/blob/main/images/thumbnails/s088.jpg
090s,Societa' del Giardino,,1,,,,Sala da concerto,"Via San Paolo, 10, Milano, Italia",45.46592479,9.19387221,,,,,s090,20/12/2012,"<img src =""https://github.com/martinnicastro/topografia_musicale/blob/main/images/thumbnails/s090.jpg?raw=true"">","<a href=""https://github.com/martinnicastro/topografia_musicale/blob/main/images/originals/s090.jpg"" target=""_blank"" rel=""noopener"">Immagine dimensioni originali</a>",https://github.com/martinnicastro/topografia_musicale/blob/main/images/thumbnails/s090.jpg
097s,Teatrino del Corso,,124,1960,150,,Teatro/Sala da concerto,"Corso Vittorio Emanuele, 22, Milano, Italia",45.46527768,9.19552445,,,,,s097,1960 circa,"<img src =""https://github.com/martinnicastro/topografia_musicale/blob/main/images/thumbnails/s097.jpg?raw=true"">","<a href=""https://github.com/martinnicastro/topografia_musicale/blob/main/images/originals/s097.jpg"" target=""_blank"" rel=""noopener"">Immagine dimensioni originali</a>",https://github.com/martinnicastro/topografia_musicale/blob/main/images/thumbnails/s097.jpg
098s,Teatro all'aperto di Vermezzo,,50,,,,Teatro/Sala da concerto,"Alzaia Naviglio Grande, Vermezzo, Italia",45.402021,8.9745897,,,,,s098,25/07/1962,"<img src =""https://github.com/martinnicastro/topografia_musicale/blob/main/images/thumbnails/s098.jpg?raw=true"">","<a href=""https://github.com/martinnicastro/topografia_musicale/blob/main/images/originals/s098.jpg"" target=""_blank"" rel=""noopener"">Immagine dimensioni originali</a>",https://github.com/martinnicastro/topografia_musicale/blob/main/images/thumbnails/s098.jpg
099s,Teatro alla Scala,,803,1778,3000,,Teatro/Sala da concerto,"Via Filodrammatici, 2, Milano, Italia",45.46752372,9.18921053,,,,,s099,,"<img src =""https://github.com/martinnicastro/topografia_musicale/blob/main/images/thumbnails/s099.jpg?raw=true"">","<a href=""https://github.com/martinnicastro/topografia_musicale/blob/main/images/originals/s099.jpg"" target=""_blank"" rel=""noopener"">Immagine dimensioni originali</a>",https://github.com/martinnicastro/topografia_musicale/blob/main/images/thumbnails/s099.jpg
100s,Teatro alle Maschere,,148,1956,158,,Teatro,"Via Borgogna, 7, Milano, Italia",45.46593984,9.19985354,,,,,s100,1970,"<img src =""https://github.com/martinnicastro/topografia_musicale/blob/main/images/thumbnails/s100.jpg?raw=true"">","<a href=""https://github.com/martinnicastro/topografia_musicale/blob/main/images/originals/s100.jpg"" target=""_blank"" rel=""noopener"">Immagine dimensioni originali</a>",https://github.com/martinnicastro/topografia_musicale/blob/main/images/thumbnails/s100.jpg
101s,Teatro Circo,Teatro Popolare Italiano,39,,2500,,Teatro,"Via Molino delle Armi, 31, Milano, Italia",45.45669149,9.18281078,,,,,s101,1940,"<img src =""https://github.com/martinnicastro/topografia_musicale/blob/main/images/thumbnails/s101.jpg?raw=true"">","<a href=""https://github.com/martinnicastro/topografia_musicale/blob/main/images/originals/s101.jpg"" target=""_blank"" rel=""noopener"">Immagine dimensioni originali</a>",https://github.com/martinnicastro/topografia_musicale/blob/main/images/thumbnails/s101.jpg
102s,Teatro del Convegno,,73,1956,400,,Teatro,"Via degli Omenoni, 3, Milano, Italia",45.467438,9.1919337,,,,,s102,1957,"<img src =""https://github.com/martinnicastro/topografia_musicale/blob/main/images/thumbnails/s102.jpg?raw=true"">","<a href=""https://github.com/martinnicastro/topografia_musicale/blob/main/images/originals/s102.jpg"" target=""_blank"" rel=""noopener"">Immagine dimensioni originali</a>",https://github.com/martinnicastro/topografia_musicale/blob/main/images/thumbnails/s102.jpg
105s,Teatro dell'Arte,,35,1933,499,,Teatro/Sala da concerto,"Via Emilio Alemagna, 6, Milano, Italia",45.4721773,9.17419553,,,,,s105,1960 circa,"<img src =""https://github.com/martinnicastro/topografia_musicale/blob/main/images/thumbnails/s105.jpg?raw=true"">","<a href=""https://github.com/martinnicastro/topografia_musicale/blob/main/images/originals/s105.jpg"" target=""_blank"" rel=""noopener"">Immagine dimensioni originali</a>",https://github.com/martinnicastro/topografia_musicale/blob/main/images/thumbnails/s105.jpg
107s,Teatro Gerolamo,,545,1868,220,,Teatro/Sala da concerto,"Piazza Cesare Beccaria, 8, Milano, Italia",45.46414899,9.19444621,,,,,s107,1958,"<img src =""https://github.com/martinnicastro/topografia_musicale/blob/main/images/thumbnails/s107.jpg?raw=true"">","<a href=""https://github.com/martinnicastro/topografia_musicale/blob/main/images/originals/s107.jpg"" target=""_blank"" rel=""noopener"">Immagine dimensioni originali</a>",https://github.com/martinnicastro/topografia_musicale/blob/main/images/thumbnails/s107.jpg
108s,Teatro Lirico,,877,1894,1450,,Teatro/Sala da concerto,"Via Larga, 16, Milano, Italia",45.46169963,9.19153869,,,,,s108,1938,"<img src =""https://github.com/martinnicastro/topografia_musicale/blob/main/images/thumbnails/s108.jpg?raw=true"">","<a href=""https://github.com/martinnicastro/topografia_musicale/blob/main/images/originals/s108.jpg"" target=""_blank"" rel=""noopener"">Immagine dimensioni originali</a>",https://github.com/martinnicastro/topografia_musicale/blob/main/images/thumbnails/s108.jpg
109s,Teatro Manzoni,,396,1950,,,Teatro/Sala da concerto,"Via Alessandro Manzoni, 42, Milano, Italia",45.47119921,9.1946286,,,,,s109,1950,"<img src =""https://github.com/martinnicastro/topografia_musicale/blob/main/images/thumbnails/s109.jpeg?raw=true"">","<a href=""https://github.com/martinnicastro/topografia_musicale/blob/main/images/originals/s109.jpeg"" target=""_blank"" rel=""noopener"">Immagine dimensioni originali</a>",https://github.com/martinnicastro/topografia_musicale/blob/main/images/thumbnails/s109.jpg
110s,Teatro Nuovo,"Pomeriggi Musicali, A.R.C., Remigio Paone",805,1938,1100,,Teatro/Sala da concerto,"Piazza San Babila, 3, Milano, Italia",45.4665117,9.19697285,,,,,s110,,"<img src =""https://github.com/martinnicastro/topografia_musicale/blob/main/images/thumbnails/s110.jpg?raw=true"">","<a href=""https://github.com/martinnicastro/topografia_musicale/blob/main/images/originals/s110.jpeg"" target=""_blank"" rel=""noopener"">Immagine dimensioni originali</a>",https://github.com/martinnicastro/topografia_musicale/blob/main/images/thumbnails/s110.jpg
111s,Teatro Odeon,,838,1929,900,,Teatro,"Via Santa Radegonda, 8, Milano, Italia",45.46520996,9.19252038,,,,,s111,1950-1960,"<img src =""https://github.com/martinnicastro/topografia_musicale/blob/main/images/thumbnails/s111.jpg?raw=true"">","<a href=""https://github.com/martinnicastro/topografia_musicale/blob/main/images/originals/s111.jpg"" target=""_blank"" rel=""noopener"">Immagine dimensioni originali</a>",https://github.com/martinnicastro/topografia_musicale/blob/main/images/thumbnails/s111.jpg
112s,Teatro Olimpia (Olimpia Music Hall),"Gioventu' Musicale, Gorni Kramer",498,1899,1600,,Teatro/Sala da concerto/Dancing,"Foro Bonaparte, 74, Milano, Italia",45.4687276,9.18232262,,,,,s112,1942-1944,"<img src =""https://github.com/martinnicastro/topografia_musicale/blob/main/images/thumbnails/s112.jpg?raw=true"">","<a href=""https://github.com/martinnicastro/topografia_musicale/blob/main/images/originals/s112.jpg"" target=""_blank"" rel=""noopener"">Immagine dimensioni originali</a>",https://github.com/martinnicastro/topografia_musicale/blob/main/images/thumbnails/s112.jpg
114s,Teatro Rosetum,,1,,320,,Sala da concerto,"Via Pisanello, 21, Milano, Italia",45.46696316,9.14036214,,,,,s114,2021,"<img src =""https://github.com/martinnicastro/topografia_musicale/blob/main/images/thumbnails/s114.jpg?raw=true"">","<a href=""https://github.com/martinnicastro/topografia_musicale/blob/main/images/originals/s114.jpg"" target=""_blank"" rel=""noopener"">Immagine dimensioni originali</a>",https://github.com/martinnicastro/topografia_musicale/blob/main/images/thumbnails/s114.jpg
115s,Teatro San Marco,,82,1960,200,,Teatro/Sala da concerto,"Via San Marco, 2, Milano, Italia",45.47347135,9.18813229,,,,,s115,1963-1970,"<img src =""https://github.com/martinnicastro/topografia_musicale/blob/main/images/thumbnails/s115.jpg?raw=true"">","<a href=""https://github.com/martinnicastro/topografia_musicale/blob/main/images/originals/s115.jpg"" target=""_blank"" rel=""noopener"">Immagine dimensioni originali</a>",https://github.com/martinnicastro/topografia_musicale/blob/main/images/thumbnails/s115.jpg
116s,Teatro Sant'Erasmo,,118,,2280,,Teatro/Sala da concerto,"Via dei Giardini, 7, Milano, Italia",45.471472,9.1925114,,,,,s116,post-1954,"<img src =""https://github.com/martinnicastro/topografia_musicale/blob/main/images/thumbnails/s116.jpg?raw=true"">","<a href=""https://github.com/martinnicastro/topografia_musicale/blob/main/images/originals/s116.jpg"" target=""_blank"" rel=""noopener"">Immagine dimensioni originali</a>",https://github.com/martinnicastro/topografia_musicale/blob/main/images/thumbnails/s116.jpg
119s,Universita Cattolica,,1,,,,Sala da concerto,"Largo Agostino Gemelli, 1, Milano, Italia",45.4630515,9.1767592,,,1927-1934,,s119,,"<img src =""https://github.com/martinnicastro/topografia_musicale/blob/main/images/thumbnails/s119.jpg?raw=true"">","<a href=""https://github.com/martinnicastro/topografia_musicale/blob/main/images/originals/s119.jpg"" target=""_blank"" rel=""noopener"">Immagine dimensioni originali</a>",https://github.com/martinnicastro/topografia_musicale/blob/main/images/thumbnails/s119.jpg
120s,Universita degli Studi,,1,1958,626,,Sala da concerto,"Via Festa del Perdono, 7, Milano, Italia",45.46069879,9.19474125,,1951-1958,,,s120,1958,"<img src =""https://github.com/martinnicastro/topografia_musicale/blob/main/images/thumbnails/s120.jpg?raw=true"">","<a href=""https://github.com/martinnicastro/topografia_musicale/blob/main/images/originals/s120.jpg"" target=""_blank"" rel=""noopener"">Immagine dimensioni originali</a>",https://github.com/martinnicastro/topografia_musicale/blob/main/images/thumbnails/s120.jpg
121s,Universita popolare,,1,,,,Sala da concerto,"Piazza Missori, 4, Milano, Italia",45.46109763,9.18779969,,,,,s121,30/05/1961,"<img src =""https://github.com/martinnicastro/topografia_musicale/blob/main/images/thumbnails/s121.jpg?raw=true"">","<a href=""https://github.com/martinnicastro/topografia_musicale/blob/main/images/originals/s121.jpg"" target=""_blank"" rel=""noopener"">Immagine dimensioni originali</a>",https://github.com/martinnicastro/topografia_musicale/blob/main/images/thumbnails/s121.jpg