id,Nome,Organizzatore,Eventi,Capienza,Costo medio,Tipologia,Categoria,Indirizzo,Latitude,Longitude,Epoca di costruzione,Ricostruzione,Restauri,Rifacimento,ID foto,Data_foto,Thumbnails,Immagini_originali,Link_Thumbnail
002s,Agape degli Artisti,,3,,,Sala_concerto,Sala da concerto,"Via Mulino delle Armi, 12, Milano, Italia",45.45643561,9.18585241,,,,,s002,21/06/1961,"<img src =""https://github.com/martinnicastro/topografia_musicale/blob/main/images/thumbnails/s002.jpg?raw=true"">","<a href=""https://github.com/martinnicastro/topografia_musicale/blob/main/images/originals/s002.jpg"" target=""_blank"" rel=""noopener"">Immagine dimensioni originali</a>",https://github.com/martinnicastro/topografia_musicale/blob/main/images/thumbnails/s002.jpg
003s,Al pozzo club,,0,,,Whisky_a_gogo,Whisky a go-go,"Viale Piave, 40, Milano, Italia",45.47326446,9.206779,,,,,s003,17/02/1961,"<img src =""https://github.com/martinnicastro/topografia_musicale/blob/main/images/thumbnails/s003.jpg?raw=true"">","<a href=""https://github.com/martinnicastro/topografia_musicale/blob/main/images/originals/s003.jpg"" target=""_blank"" rel=""noopener"">Immagine dimensioni originali</a>",https://github.com/martinnicastro/topografia_musicale/blob/main/images/thumbnails/s003.jpg
006s,Arenella,,143,500,,Dancing,Dancing,"Via Pietro Panzeri, 5, Milano, Italia",45.45362091,9.17836368,,,,,s006,25/05/1958,"<img src =""https://github.com/martinnicastro/topografia_musicale/blob/main/images/thumbnails/s006.jpg?raw=true"">","<a href=""https://github.com/martinnicastro/topografia_musicale/blob/main/images/originals/s006.jpg"" target=""_blank"" rel=""noopener"">Immagine dimensioni originali</a>",https://github.com/martinnicastro/topografia_musicale/blob/main/images/thumbnails/s006.jpg
007s,Arethusa,,0,,,Night_Club,Night club,"Piazza Diaz, Milano, Italia",45.46217499114208,9.18952655652835,,,,,s007,1951,"<img src =""https://github.com/martinnicastro/topografia_musicale/blob/main/images/thumbnails/s007.jpg?raw=true"">","<a href=""https://github.com/martinnicastro/topografia_musicale/blob/main/images/originals/s007.jpg"" target=""_blank"" rel=""noopener"">Immagine dimensioni originali</a>",https://github.com/martinnicastro/topografia_musicale/blob/main/images/thumbnails/s007.jpg
008s,Astoria,,12,,,Night_Club,Night club,"Piazza Santa Maria Beltrade, 2, Milano, Italia",45.46297888,9.18685019,,,,,s008,1950-1960,"<img src =""https://github.com/martinnicastro/topografia_musicale/blob/main/images/thumbnails/s008.jpg?raw=true"">","<a href=""https://github.com/martinnicastro/topografia_musicale/blob/main/images/originals/s008.jpg"" target=""_blank"" rel=""noopener"">Immagine dimensioni originali</a>",https://github.com/martinnicastro/topografia_musicale/blob/main/images/thumbnails/s008.jpg
005s,Auditorium Angelicum,Angelicum,150,250,,Teatro_Sala_concerto,Teatro/Sala da concerto,"Via Renzo Bertoni, 5, Milano, Italia",45.47566064,9.19198394,,,,,s005,,"<img src =""https://github.com/martinnicastro/topografia_musicale/blob/main/images/thumbnails/s005.jpg?raw=true"">","<a href=""https://github.com/martinnicastro/topografia_musicale/blob/main/images/originals/s005.jpg"" target=""_blank"" rel=""noopener"">Immagine dimensioni originali</a>",https://github.com/martinnicastro/topografia_musicale/blob/main/images/thumbnails/s005.jpg
018s,Auditorium Pirelli,Centro Culturale Pirelli,3,340,,Sala_concerto,Sala da concerto,"Piazza Duca d'Aosta, 5, Milano, Italia",45.4848758,9.20159698,,,,,s018,1961,"<img src =""https://github.com/martinnicastro/topografia_musicale/blob/main/images/thumbnails/s018.jpg?raw=true"">","<a href=""https://github.com/martinnicastro/topografia_musicale/blob/main/images/originals/s018.jpg"" target=""_blank"" rel=""noopener"">Immagine dimensioni originali</a>",https://github.com/martinnicastro/topografia_musicale/blob/main/images/thumbnails/s018.jpg
009s,Auditorium Tesio,,1,,,Teatro,Teatro,"Viale Angelo Salmoiraghi, 2, Milano, Italia",45.48385656,9.1409415,,,,,s009,08/02/1959,"<img src =""https://github.com/martinnicastro/topografia_musicale/blob/main/images/thumbnails/s009.jpg?raw=true"">","<a href=""https://github.com/martinnicastro/topografia_musicale/blob/main/images/originals/s009.jpg"" target=""_blank"" rel=""noopener"">Immagine dimensioni originali</a>",https://github.com/martinnicastro/topografia_musicale/blob/main/images/thumbnails/s009.jpg
010s,Bar Missori,,1,,,Altro,Altro,"Piazza Giuseppe Missori, 1, Milano, Italia",45.4608513,9.1885051,,,,,s010,1953,"<img src =""https://github.com/martinnicastro/topografia_musicale/blob/main/images/thumbnails/s010.jpg?raw=true"">","<a href=""https://github.com/martinnicastro/topografia_musicale/blob/main/images/originals/s010.jpg"" target=""_blank"" rel=""noopener"">Immagine dimensioni originali</a>",https://github.com/martinnicastro/topografia_musicale/blob/main/images/thumbnails/s010.jpg
011s,Basilica di San Ambrogio,"Polifonica Ambrosiana, Piccolo Teatro",37,,,Teatro_Sala_concerto,Teatro/Sala da concerto,"Piazza San Ambrogio, 15, Milano, Italia",45.46217747,9.17527914,,,,,s011,1953,"<img src =""https://github.com/martinnicastro/topografia_musicale/blob/main/images/thumbnails/s011.jpg?raw=true"">","<a href=""https://github.com/martinnicastro/topografia_musicale/blob/main/images/originals/s011.jpg"" target=""_blank"" rel=""noopener"">Immagine dimensioni originali</a>",https://github.com/martinnicastro/topografia_musicale/blob/main/images/thumbnails/s011.jpg
012s,Bel Sit,,1,,,Night_Club,Night club,"Viale Certosa, 85, Milano, Italia",45.49331104,9.1438061,,,,,s012,14/02/1959,"<img src =""https://github.com/martinnicastro/topografia_musicale/blob/main/images/thumbnails/s012.jpg?raw=true"">","<a href=""https://github.com/martinnicastro/topografia_musicale/blob/main/images/originals/s012.jpg"" target=""_blank"" rel=""noopener"">Immagine dimensioni originali</a>",https://github.com/martinnicastro/topografia_musicale/blob/main/images/thumbnails/s012.jpg
013s,Biblioteca Germanica,,2,,,Sala_concerto,Sala da concerto,"Via Legnano, 24, Milano, Italia",45.47619855,9.1818881,,,,,s013,1958,"<img src =""https://github.com/martinnicastro/topografia_musicale/blob/main/images/thumbnails/s013.jpg?raw=true"">","<a href=""https://github.com/martinnicastro/topografia_musicale/blob/main/images/originals/s013.jpg"" target=""_blank"" rel=""noopener"">Immagine dimensioni originali</a>",https://github.com/martinnicastro/topografia_musicale/blob/main/images/thumbnails/s013.jpg
014s,Birra Italia,,22,,,Night_Club,Night club,"Corso Sempione, 69, Milano, Italia",45.4847216,9.15960431,,,,,s014,14/11/1958,"<img src =""https://github.com/martinnicastro/topografia_musicale/blob/main/images/thumbnails/s014.jpg?raw=true"">","<a href=""https://github.com/martinnicastro/topografia_musicale/blob/main/images/originals/s014.jpg"" target=""_blank"" rel=""noopener"">Immagine dimensioni originali</a>",https://github.com/martinnicastro/topografia_musicale/blob/main/images/thumbnails/s014.jpg
015s,Caprice,,0,,,Night_Club,Night club,"Via Borgogna, 5, Milano, Italia",45.46597746,9.19879675,,,,,s015,1959-1960,"<img src =""https://github.com/martinnicastro/topografia_musicale/blob/main/images/thumbnails/s015.jpg?raw=true"">","<a href=""https://github.com/martinnicastro/topografia_musicale/blob/main/images/originals/s015.jpg"" target=""_blank"" rel=""noopener"">Immagine dimensioni originali</a>",https://github.com/martinnicastro/topografia_musicale/blob/main/images/thumbnails/s015.jpg
016s,Caravella,,0,,,Night_Club,Night club,"Corso Buenos Aires, 1, Milano, Italia",45.47507383,9.20532525,,,,,s016,12/3/1958,"<img src =""https://github.com/martinnicastro/topografia_musicale/blob/main/images/thumbnails/s016.jpg?raw=true"">","<a href=""https://github.com/martinnicastro/topografia_musicale/blob/main/images/originals/s016.jpg"" target=""_blank"" rel=""noopener"">Immagine dimensioni originali</a>",https://github.com/martinnicastro/topografia_musicale/blob/main/images/thumbnails/s016.jpg
017s,Castello Sforzesco,Piccolo Teatro,135,,,Altro,Altro,"Piazza Castello, Milano, Italia",45.4692041,9.1781533,,,,,s017,1960-1970,"<img src =""https://github.com/martinnicastro/topografia_musicale/blob/main/images/thumbnails/s017.jpg?raw=true"">","<a href=""https://github.com/martinnicastro/topografia_musicale/blob/main/images/originals/s017.jpg"" target=""_blank"" rel=""noopener"">Immagine dimensioni originali</a>",https://github.com/martinnicastro/topografia_musicale/blob/main/images/thumbnails/s017.jpg
020s,Centro francese di studi e informazioni,,5,,,Sala_concerto,Sala da concerto,"Via Bigli, 2, Milano, Italia",45.46799399,9.1946286,,,,,s020,17/03/1960,"<img src =""https://github.com/martinnicastro/topografia_musicale/blob/main/images/thumbnails/s020.jpg?raw=true"">","<a href=""https://github.com/martinnicastro/topografia_musicale/blob/main/images/originals/s020.jpg"" target=""_blank"" rel=""noopener"">Immagine dimensioni originali</a>",https://github.com/martinnicastro/topografia_musicale/blob/main/images/thumbnails/s020.jpg
021s,Chet Baker Club,,0,,,Night_Club,Night club,"Foro Bonaparte, 74, Milano, Italia",45.46881412,9.18258548,,,,,s021,07/05/1962,"<img src =""https://github.com/martinnicastro/topografia_musicale/blob/main/images/thumbnails/s021.jpg?raw=true"">","<a href=""https://github.com/martinnicastro/topografia_musicale/blob/main/images/originals/s021.jpg"" target=""_blank"" rel=""noopener"">Immagine dimensioni originali</a>",https://github.com/martinnicastro/topografia_musicale/blob/main/images/thumbnails/s021.jpg
022s,Cinema Carcano,,90,1200,,Cinema_Teatro,Cinema Teatro,"Corso di Porta Romana, 63, Milano, Italia",45.45677051,9.19559419,,,,,s022,post-1914,"<img src =""https://github.com/martinnicastro/topografia_musicale/blob/main/images/thumbnails/s022.jpg?raw=true"">","<a href=""https://github.com/martinnicastro/topografia_musicale/blob/main/images/originals/s022.jpg"" target=""_blank"" rel=""noopener"">Immagine dimensioni originali</a>",https://github.com/martinnicastro/topografia_musicale/blob/main/images/thumbnails/s022.jpg
023s,Cinema Gloria,Societa' del Quartetto,8,1550,,Cinema_Teatro,Cinema Teatro,"Corso Vercelli, 18, Milano, Italia",45.46673743,9.16190565,,,,,s023,1972,"<img src =""https://github.com/martinnicastro/topografia_musicale/blob/main/images/thumbnails/s023.jpg?raw=true"">","<a href=""https://github.com/martinnicastro/topografia_musicale/blob/main/images/originals/s023.jpg"" target=""_blank"" rel=""noopener"">Immagine dimensioni originali</a>",https://github.com/martinnicastro/topografia_musicale/blob/main/images/thumbnails/s023.jpg
024s,Cinema Orfeo,,1,2500,,Cinema_Teatro,Cinema Teatro,"Via Cogni Zugna, 50, Milano, Italia",45.45671783,9.16936755,,,,,s024,1949,"<img src =""https://github.com/martinnicastro/topografia_musicale/blob/main/images/thumbnails/s024.jpg?raw=true"">","<a href=""https://github.com/martinnicastro/topografia_musicale/blob/main/images/originals/s024.jpg"" target=""_blank"" rel=""noopener"">Immagine dimensioni originali</a>",https://github.com/martinnicastro/topografia_musicale/blob/main/images/thumbnails/s024.jpg
025s,Circolo Alessandro Volta,,2,200,,Sala_concerto,Sala da concerto,"Via Giuseppe Giusti, 16, Milano, Italia",45.48025712,9.17676508,,,,,s025,13/12/2014,"<img src =""https://github.com/martinnicastro/topografia_musicale/blob/main/images/thumbnails/s025.jpg?raw=true"">","<a href=""https://github.com/martinnicastro/topografia_musicale/blob/main/images/originals/s025.jpg"" target=""_blank"" rel=""noopener"">Immagine dimensioni originali</a>",https://github.com/martinnicastro/topografia_musicale/blob/main/images/thumbnails/s025.jpg
026s,Circolo del Castello,,1,,,Sala_concerto,Sala da concerto,"Via Quintino Sella, 2, Milano, Italia",45.47030764,9.18280005,,,,,s026,21/11/1962,"<img src =""https://github.com/martinnicastro/topografia_musicale/blob/main/images/thumbnails/s026.jpg?raw=true"">","<a href=""https://github.com/martinnicastro/topografia_musicale/blob/main/images/originals/s026.jpg"" target=""_blank"" rel=""noopener"">Immagine dimensioni originali</a>",https://github.com/martinnicastro/topografia_musicale/blob/main/images/thumbnails/s026.jpg
027s,Circolo della Rinascente,,9,,,Sala_concerto,Sala da concerto,"Via Durini, 24, Milano, Italia",45.46515729,9.19865727,,,,,s027,1919,"<img src =""https://github.com/martinnicastro/topografia_musicale/blob/main/images/thumbnails/s027.jpg?raw=true"">","<a href=""https://github.com/martinnicastro/topografia_musicale/blob/main/images/originals/s027.jpg"" target=""_blank"" rel=""noopener"">Immagine dimensioni originali</a>",https://github.com/martinnicastro/topografia_musicale/blob/main/images/thumbnails/s027.jpg
028s,Circolo della Stampa,,38,200,,Sala_concerto,Sala da concerto,"Corso Venezia, 16, Milano, Italia",45.46908123,9.19981599,,,,,s028,26/06/2017,"<img src =""https://github.com/martinnicastro/topografia_musicale/blob/main/images/thumbnails/s028.jpg?raw=true"">","<a href=""https://github.com/martinnicastro/topografia_musicale/blob/main/images/originals/s028.jpg"" target=""_blank"" rel=""noopener"">Immagine dimensioni originali</a>",https://github.com/martinnicastro/topografia_musicale/blob/main/images/thumbnails/s028.jpg
029s,Circolo di Via Marsala,,1,,,Sala_concerto,Sala da concerto,"Via Marsala, 11, Milano, Italia",45.47827113,9.18775141,,,,,s029,15/04/1960,"<img src =""https://github.com/martinnicastro/topografia_musicale/blob/main/images/thumbnails/s029.jpg?raw=true"">","<a href=""https://github.com/martinnicastro/topografia_musicale/blob/main/images/originals/s029.jpg"" target=""_blank"" rel=""noopener"">Immagine dimensioni originali</a>",https://github.com/martinnicastro/topografia_musicale/blob/main/images/thumbnails/s029.jpg
030s,Circolo Filologico Milanese,,5,230,,Sala_concerto,Sala da concerto,"Via Clerici, 10, Milano, Italia",45.46728295,9.18721497,,,,,s030,1940,"<img src =""https://github.com/martinnicastro/topografia_musicale/blob/main/images/thumbnails/s030.jpg?raw=true"">","<a href=""https://github.com/martinnicastro/topografia_musicale/blob/main/images/originals/s030.jpg"" target=""_blank"" rel=""noopener"">Immagine dimensioni originali</a>",https://github.com/martinnicastro/topografia_musicale/blob/main/images/thumbnails/s030.jpg
031s,Coccodrillo,,0,,,Night_Club,Night club,"Via Ozanam, 14, Milano, Italia",45.48024208,9.21324849,,,,,s031,5/11/1959,"<img src =""https://github.com/martinnicastro/topografia_musicale/blob/main/images/thumbnails/s031.jpg?raw=true"">","<a href=""https://github.com/martinnicastro/topografia_musicale/blob/main/images/originals/s031.jpg"" target=""_blank"" rel=""noopener"">Immagine dimensioni originali</a>",https://github.com/martinnicastro/topografia_musicale/blob/main/images/thumbnails/s031.jpg
032s,Conservatorio Giuseppe Verdi (sala Puccini),A.Gi.Mus.,60,400,,Sala_concerto,Sala da concerto,"Via Conservatorio, 12, Milano, Italia",45.46458542,9.20354426,1952,,2001,,s032,15/09/2012,"<img src =""https://github.com/martinnicastro/topografia_musicale/blob/main/images/thumbnails/s032.jpg?raw=true"">","<a href=""https://github.com/martinnicastro/topografia_musicale/blob/main/images/originals/s032.jpg"" target=""_blank"" rel=""noopener"">Immagine dimensioni originali</a>",https://github.com/martinnicastro/topografia_musicale/blob/main/images/thumbnails/s032.jpg
033s,Conservatorio Giuseppe Verdi (sala Verdi),"Societa' del Quartetto, Gioventu' musicale, RAI",182,1420,,Sala_concerto,Sala da concerto,"Via Conservatorio, 12, Milano, Italia",45.46482997,9.2041719,1908,1958,2001,,s033,post-1958,"<img src =""https://github.com/martinnicastro/topografia_musicale/blob/main/images/thumbnails/s033.jpg?raw=true"">","<a href=""https://github.com/martinnicastro/topografia_musicale/blob/main/images/originals/s033.jpg"" target=""_blank"" rel=""noopener"">Immagine dimensioni originali</a>",https://github.com/martinnicastro/topografia_musicale/blob/main/images/thumbnails/s033.jpg
034s,Conty Grill (Hotel Continental),,1,,,Night_Club,Night club,"Via Romagnosi, 2, Milano, Italia",45.46847178,9.19079304,1865,,,,s034,1930,"<img src =""https://github.com/martinnicastro/topografia_musicale/blob/main/images/thumbnails/s034.jpg?raw=true"">","<a href=""https://github.com/martinnicastro/topografia_musicale/blob/main/images/originals/s034.jpg"" target=""_blank"" rel=""noopener"">Immagine dimensioni originali</a>",https://github.com/martinnicastro/topografia_musicale/blob/main/images/thumbnails/s034.jpg
035s,Derby Club,,1,90,,Night_Club,Night club,"Via Monte Rosa, 84, Milano, Italia",45.47828994,9.14536715,,,,,s035,pre-1971,"<img src =""https://github.com/martinnicastro/topografia_musicale/blob/main/images/thumbnails/s035.jpg?raw=true"">","<a href=""https://github.com/martinnicastro/topografia_musicale/blob/main/images/originals/s035.jpg"" target=""_blank"" rel=""noopener"">Immagine dimensioni originali</a>",https://github.com/martinnicastro/topografia_musicale/blob/main/images/thumbnails/s035.jpg
037s,El Flamingo,,1,,,Night_Club,Night club,"Via Buozzi,1, Sesto San Giovanni, Italia",45.53011725,9.22890723,,,,,s037,5/10/1961,"<img src =""https://github.com/martinnicastro/topografia_musicale/blob/main/images/thumbnails/s037.jpg?raw=true"">","<a href=""https://github.com/martinnicastro/topografia_musicale/blob/main/images/originals/s037.jpg"" target=""_blank"" rel=""noopener"">Immagine dimensioni originali</a>",https://github.com/martinnicastro/topografia_musicale/blob/main/images/thumbnails/s037.jpg
038s,El Maroco,,41,,,Night_Club,Night club,"Via Paolo da Cannobio, Milano, Italia",45.46203826,9.19091105,,,,,s038,02/06/1959,"<img src =""https://github.com/martinnicastro/topografia_musicale/blob/main/images/thumbnails/s038.jpg?raw=true"">","<a href=""https://github.com/martinnicastro/topografia_musicale/blob/main/images/originals/s038.jpg"" target=""_blank"" rel=""noopener"">Immagine dimensioni originali</a>",https://github.com/martinnicastro/topografia_musicale/blob/main/images/thumbnails/s038.jpg
039s,Embassy Club,,0,,,Night_Club,Night club,"Via San Damiano, 3, Milano, Italia",45.4674224,9.2001659,,,,,s039,14/11/1958,"<img src =""https://github.com/martinnicastro/topografia_musicale/blob/main/images/thumbnails/s039.jpg?raw=true"">","<a href=""https://github.com/martinnicastro/topografia_musicale/blob/main/images/originals/s039.jpg"" target=""_blank"" rel=""noopener"">Immagine dimensioni originali</a>",https://github.com/martinnicastro/topografia_musicale/blob/main/images/thumbnails/s039.jpg
040s,Europa Club,,1,,,Night_Club,Night club,"Galleria Passarella, 1, Milano, Italia",45.46555233,9.19738054,,,,,s040,28/02/1962,"<img src =""https://github.com/martinnicastro/topografia_musicale/blob/main/images/thumbnails/s040.jpg?raw=true"">","<a href=""https://github.com/martinnicastro/topografia_musicale/blob/main/images/originals/s040.jpg"" target=""_blank"" rel=""noopener"">Immagine dimensioni originali</a>",https://github.com/martinnicastro/topografia_musicale/blob/main/images/thumbnails/s040.jpg
042s,Famiglia Siciliana,,1,,,Sala_concerto,Sala da concerto,"Via Dogana, 2, Milano, Italia",45.46337393,9.18920517,,,,,s042,22/3/1962,"<img src =""https://github.com/martinnicastro/topografia_musicale/blob/main/images/thumbnails/s042.jpg?raw=true"">","<a href=""https://github.com/martinnicastro/topografia_musicale/blob/main/images/originals/s042.jpg"" target=""_blank"" rel=""noopener"">Immagine dimensioni originali</a>",https://github.com/martinnicastro/topografia_musicale/blob/main/images/thumbnails/s042.jpg
043s,Florida,,2,,,Night_Club,Night club,"Via Fontana, 6, Milano, Italia",45.46175607,9.20398414,,,,,s043,10/12/1960,"<img src =""https://github.com/martinnicastro/topografia_musicale/blob/main/images/thumbnails/s043.jpg?raw=true"">","<a href=""https://github.com/martinnicastro/topografia_musicale/blob/main/images/originals/s043.jpg"" target=""_blank"" rel=""noopener"">Immagine dimensioni originali</a>",https://github.com/martinnicastro/topografia_musicale/blob/main/images/thumbnails/s043.jpg
044s,Galleria Blu,,1,,,Sala_concerto,Sala da concerto,"Via Andegari, 12, Milano, Italia",45.4691038,9.19086277,,,,,s044,26/11/1962,"<img src =""https://github.com/martinnicastro/topografia_musicale/blob/main/images/thumbnails/s044.jpg?raw=true"">","<a href=""https://github.com/martinnicastro/topografia_musicale/blob/main/images/originals/s044.jpg"" target=""_blank"" rel=""noopener"">Immagine dimensioni originali</a>",https://github.com/martinnicastro/topografia_musicale/blob/main/images/thumbnails/s044.jpg
045s,Gatto Verde,,4,,,Night_Club,Night club,"Via Andrea Doria, 2, Milano, Italia",45.48469527,9.20654833,,,,,s045,02/03/1958,"<img src =""https://github.com/martinnicastro/topografia_musicale/blob/main/images/thumbnails/s045.jpg?raw=true"">","<a href=""https://github.com/martinnicastro/topografia_musicale/blob/main/images/originals/s045.jpg"" target=""_blank"" rel=""noopener"">Immagine dimensioni originali</a>",https://github.com/martinnicastro/topografia_musicale/blob/main/images/thumbnails/s045.jpg
046s,Hi-Fi Club,,0,,,Whisky_a_gogo,Whisky a go-go,"Piazza Duomo, 4, Milano, Italia",45.46357334,9.18915153,,,,,s046,09/04/59,"<img src =""https://github.com/martinnicastro/topografia_musicale/blob/main/images/thumbnails/s046.jpg?raw=true"">","<a href=""https://github.com/martinnicastro/topografia_musicale/blob/main/images/originals/s046.jpg"" target=""_blank"" rel=""noopener"">Immagine dimensioni originali</a>",https://github.com/martinnicastro/topografia_musicale/blob/main/images/thumbnails/s046.jpg
047s,Hotel Cavalieri,,5,,,Night_Club,Night club,"Piazza Giuseppe Missori, 1, Milano, Italia",45.46072513,9.18894231,,,,,s047,1950,"<img src =""https://github.com/martinnicastro/topografia_musicale/blob/main/images/thumbnails/s047.jpg?raw=true"">","<a href=""https://github.com/martinnicastro/topografia_musicale/blob/main/images/originals/s047.jpg"" target=""_blank"" rel=""noopener"">Immagine dimensioni originali</a>",https://github.com/martinnicastro/topografia_musicale/blob/main/images/thumbnails/s047.jpg
048s,Hotel Principe & Savoia,,2,,,Night_Club,Night club,"Piazza della Repubblica, 17, Milano, Italia",45.47989604,9.19637203,,,,,s048,1930-1940,"<img src =""https://github.com/martinnicastro/topografia_musicale/blob/main/images/thumbnails/s048.jpg?raw=true"">","<a href=""https://github.com/martinnicastro/topografia_musicale/blob/main/images/originals/s048.jpg"" target=""_blank"" rel=""noopener"">Immagine dimensioni originali</a>",https://github.com/martinnicastro/topografia_musicale/blob/main/images/thumbnails/s048.jpg
049s,Il Globo (Arena),,0,2500,,Teatro,Teatro,"Parco Sempione, Milano, Italia",45.475339377655544,9.177437234030744,,,,,s049,1959,"<img src =""https://github.com/martinnicastro/topografia_musicale/blob/main/images/thumbnails/s049.jpg?raw=true"">","<a href=""https://github.com/martinnicastro/topografia_musicale/blob/main/images/originals/s049.jpg"" target=""_blank"" rel=""noopener"">Immagine dimensioni originali</a>",https://github.com/martinnicastro/topografia_musicale/blob/main/images/thumbnails/s049.jpg
050s,Il Globo (Bande Nere),,9,2500,,Teatro,Teatro,"Piazzale Giovanni delle Bande Nere, Milano, Italia",45.46206084,9.13713276,,,,,s050,1960 circa,"<img src =""https://github.com/martinnicastro/topografia_musicale/blob/main/images/thumbnails/s050.jpg?raw=true"">","<a href=""https://github.com/martinnicastro/topografia_musicale/blob/main/images/originals/s050.jpg"" target=""_blank"" rel=""noopener"">Immagine dimensioni originali</a>",https://github.com/martinnicastro/topografia_musicale/blob/main/images/thumbnails/s050.jpg
051s,Il Globo (Restelli),,104,2500,,Teatro,Teatro,"Via Luigi Galvani, 27, Milano, Italia",45.48836588,9.19588923,,,,,s051,1959,"<img src =""https://github.com/martinnicastro/topografia_musicale/blob/main/images/thumbnails/s051.jpg?raw=true"">","<a href=""https://github.com/martinnicastro/topografia_musicale/blob/main/images/originals/s051.jpg"" target=""_blank"" rel=""noopener"">Immagine dimensioni originali</a>",https://github.com/martinnicastro/topografia_musicale/blob/main/images/thumbnails/s051.jpg
052s,Il Globo (San Barnaba),,21,2500,,Teatro,Teatro,"Via San Barnaba, 50, Milano, Italia",45.45973932,9.20235872,,,,,s052,,"<img src =""https://github.com/martinnicastro/topografia_musicale/blob/main/images/thumbnails/s052.jpg?raw=true"">","<a href=""https://github.com/martinnicastro/topografia_musicale/blob/main/images/originals/s052.jpg"" target=""_blank"" rel=""noopener"">Immagine dimensioni originali</a>",https://github.com/martinnicastro/topografia_musicale/blob/main/images/thumbnails/s052.jpg
001s,Istituto dei ciechi (Sala Barozzi),Accademia Csaky,4,,,Sala_concerto,Sala da concerto,"Via Vivaio, 7, Milano, Italia",45.46882917,9.20352817,,,,,s001,05/02/1952,"<img src =""https://github.com/martinnicastro/topografia_musicale/blob/main/images/thumbnails/s001.jpg?raw=true"">","<a href=""https://github.com/martinnicastro/topografia_musicale/blob/main/images/originals/s001.jpg"" target=""_blank"" rel=""noopener"">Immagine dimensioni originali</a>",https://github.com/martinnicastro/topografia_musicale/blob/main/images/thumbnails/s001.jpg
053s,Istituto dei ciechi (Sala Barozzi),Polifonica Ambrosiana,19,210,,Sala_concerto,Sala da concerto,"Via Vivaio, 7, Milano, Italia",45.4688367,9.20342088,,,,,s053,05/02/1952,"<img src =""https://github.com/martinnicastro/topografia_musicale/blob/main/images/thumbnails/s053.jpg?raw=true"">","<a href=""https://github.com/martinnicastro/topografia_musicale/blob/main/images/originals/s053.jpg"" target=""_blank"" rel=""noopener"">Immagine dimensioni originali</a>",https://github.com/martinnicastro/topografia_musicale/blob/main/images/thumbnails/s053.jpg
054s,La Bagatelle,,1,,,Night_Club,Night club,"Galleria Passarella, 1, Milano, Italia",45.46570658,9.19697285,,,,,s054,1960,"<img src =""https://github.com/martinnicastro/topografia_musicale/blob/main/images/thumbnails/s054.jpg?raw=true"">","<a href=""https://github.com/martinnicastro/topografia_musicale/blob/main/images/originals/s054.jpg"" target=""_blank"" rel=""noopener"">Immagine dimensioni originali</a>",https://github.com/martinnicastro/topografia_musicale/blob/main/images/thumbnails/s054.jpg
055s,La Barca d'Oro,,1,,,Night_Club,Night club,"Via Borgospesso, 18, Milano, Italia",45.4703256,9.1945293,,,,,s055,29/12/1960,"<img src =""https://github.com/martinnicastro/topografia_musicale/blob/main/images/thumbnails/s055.jpg?raw=true"">","<a href=""https://github.com/martinnicastro/topografia_musicale/blob/main/images/originals/s055.jpg"" target=""_blank"" rel=""noopener"">Immagine dimensioni originali</a>",https://github.com/martinnicastro/topografia_musicale/blob/main/images/thumbnails/s055.jpg
056s,La Lucciola,,2,,,Night_Club,Night club,"Viale Lombardia, 68, Milano, Italia",45.48698567,9.22382712,,,,,s056,14/02/1959,"<img src =""https://github.com/martinnicastro/topografia_musicale/blob/main/images/thumbnails/s056.jpg?raw=true"">","<a href=""https://github.com/martinnicastro/topografia_musicale/blob/main/images/originals/s056.jpg"" target=""_blank"" rel=""noopener"">Immagine dimensioni originali</a>",https://github.com/martinnicastro/topografia_musicale/blob/main/images/thumbnails/s056.jpg
057s,La Maggiolina,,5,,,Dancing,Dancing,"Via Eugenio Torelli Viollier, 26, Milano, Italia",45.5004005,9.2019796,,,,,s057,4/11/1958,"<img src =""https://github.com/martinnicastro/topografia_musicale/blob/main/images/thumbnails/s057.jpg?raw=true"">","<a href=""https://github.com/martinnicastro/topografia_musicale/blob/main/images/originals/s057.jpg"" target=""_blank"" rel=""noopener"">Immagine dimensioni originali</a>",https://github.com/martinnicastro/topografia_musicale/blob/main/images/thumbnails/s057.jpg
058s,La Tarantola,,0,,,Whisky_a_gogo,Whisky a go-go,"Via Principe Eugenio, 14, Milano, Italia",45.4891098,9.1637518,,,,,s058,24/04/1959,"<img src =""https://github.com/martinnicastro/topografia_musicale/blob/main/images/thumbnails/s058.jpg?raw=true"">","<a href=""https://github.com/martinnicastro/topografia_musicale/blob/main/images/originals/s058.jpg"" target=""_blank"" rel=""noopener"">Immagine dimensioni originali</a>",https://github.com/martinnicastro/topografia_musicale/blob/main/images/thumbnails/s058.jpg
059s,Le Roi,,2,,,Night_Club,Night club,"Via Luca Beltrami, 1, Milano, Italia",45.46834386,9.18143213,,,,,s059,10/09/1959,"<img src =""https://github.com/martinnicastro/topografia_musicale/blob/main/images/thumbnails/s059.jpg?raw=true"">","<a href=""https://github.com/martinnicastro/topografia_musicale/blob/main/images/originals/s059.jpg"" target=""_blank"" rel=""noopener"">Immagine dimensioni originali</a>",https://github.com/martinnicastro/topografia_musicale/blob/main/images/thumbnails/s059.jpg
060s,Lido,,4,,,Night_Club,Night club,"Piazzale Lorenzo Lotto, 15, Milano, Italia",45.48190455,9.14109707,,,,,s060,1960-1970,"<img src =""https://github.com/martinnicastro/topografia_musicale/blob/main/images/thumbnails/s060.jpg?raw=true"">","<a href=""https://github.com/martinnicastro/topografia_musicale/blob/main/images/originals/s060.jpg"" target=""_blank"" rel=""noopener"">Immagine dimensioni originali</a>",https://github.com/martinnicastro/topografia_musicale/blob/main/images/thumbnails/s060.jpg
061s,Lido Trianon,,23,,,Night_Club,Night club,"Galleria De Cristoforis, Milano, Italia",45.4658665,9.1951446,,,,,s061,1963,"<img src =""https://github.com/martinnicastro/topografia_musicale/blob/main/images/thumbnails/s061.jpg?raw=true"">","<a href=""https://github.com/martinnicastro/topografia_musicale/blob/main/images/originals/s061.jpg"" target=""_blank"" rel=""noopener"">Immagine dimensioni originali</a>",https://github.com/martinnicastro/topografia_musicale/blob/main/images/thumbnails/s061.jpg
062s,Maxim,,3,,,Dancing,Dancing,"Galleria Manzoni, Milano, Italia",45.47108636,9.19425309,,,,,s062,1955,"<img src =""https://github.com/martinnicastro/topografia_musicale/blob/main/images/thumbnails/s062.jpg?raw=true"">","<a href=""https://github.com/martinnicastro/topografia_musicale/blob/main/images/originals/s062.jpg"" target=""_blank"" rel=""noopener"">Immagine dimensioni originali</a>",https://github.com/martinnicastro/topografia_musicale/blob/main/images/thumbnails/s062.jpg
063s,Montemerlo Rendez-Vous,,1,,,Night_Club,Night club,"Giardini Pubblici Indro Montanelli, Milano, Italia",45.47544999,9.20021296,,,,,s063,,"<img src =""https://github.com/martinnicastro/topografia_musicale/blob/main/images/thumbnails/s063.jpg?raw=true"">","<a href=""https://github.com/martinnicastro/topografia_musicale/blob/main/images/originals/s063.jpg"" target=""_blank"" rel=""noopener"">Immagine dimensioni originali</a>",https://github.com/martinnicastro/topografia_musicale/blob/main/images/thumbnails/s063.jpg
064s,Monterosa,,83,,,Dancing,Dancing,"Piazzale Lotto, 14, Milano, Italia",45.48072352,9.14357007,,,,,s064,24/5/1958,"<img src =""https://github.com/martinnicastro/topografia_musicale/blob/main/images/thumbnails/s064.jpg?raw=true"">","<a href=""https://github.com/martinnicastro/topografia_musicale/blob/main/images/originals/s064.jpg"" target=""_blank"" rel=""noopener"">Immagine dimensioni originali</a>",https://github.com/martinnicastro/topografia_musicale/blob/main/images/thumbnails/s064.jpg
065s,Moulin Rouge,,0,,,Night_Club,Night club,"Via Durini, 25, Milano, Italia",45.46526263,9.19804573,,,,,s065,22/05/1958,"<img src =""https://github.com/martinnicastro/topografia_musicale/blob/main/images/thumbnails/s065.jpg?raw=true"">","<a href=""https://github.com/martinnicastro/topografia_musicale/blob/main/images/originals/s065.jpg"" target=""_blank"" rel=""noopener"">Immagine dimensioni originali</a>",https://github.com/martinnicastro/topografia_musicale/blob/main/images/thumbnails/s065.jpg
066s,Museo della Scienza,Polifonica Ambrosiana,1,300,,Sala_concerto,Sala da concerto,"Via San Vittore, 21, Milano, Italia",45.4623656,9.17045653,,,,,s066,1950 circa,"<img src =""https://github.com/martinnicastro/topografia_musicale/blob/main/images/thumbnails/s066.jpg?raw=true"">","<a href=""https://github.com/martinnicastro/topografia_musicale/blob/main/images/originals/s066.jpg"" target=""_blank"" rel=""noopener"">Immagine dimensioni originali</a>",https://github.com/martinnicastro/topografia_musicale/blob/main/images/thumbnails/s066.jpg
067s,Night Club 68 (Milan Noueva),,8,,,Night_Club,Night club,"Via Pietro Verri, 8, Milano, Italia",45.46785855,9.19497728,,,,,s067,1/11/1959,"<img src =""https://github.com/martinnicastro/topografia_musicale/blob/main/images/thumbnails/s067.jpg?raw=true"">","<a href=""https://github.com/martinnicastro/topografia_musicale/blob/main/images/originals/s067.jpg"" target=""_blank"" rel=""noopener"">Immagine dimensioni originali</a>",https://github.com/martinnicastro/topografia_musicale/blob/main/images/thumbnails/s067.jpg
019s,Nuovo Ritrovo,Centro Culturale Pirelli,2,,,Sala_concerto,Sala da concerto,"Corso Venezia, 40, Milano, Italia",45.47175737069897,9.202662180292103,,,,,s019,Novembre 1954,"<img src =""https://github.com/martinnicastro/topografia_musicale/blob/main/images/thumbnails/s019.jpg?raw=true"">","<a href=""https://github.com/martinnicastro/topografia_musicale/blob/main/images/originals/s019.jpg"" target=""_blank"" rel=""noopener"">Immagine dimensioni originali</a>",https://github.com/martinnicastro/topografia_musicale/blob/main/images/thumbnails/s019.jpg
068s,Odeon Giardino,,17,,,Night_Club,Night club,"Via Santa Radegonda, 8, Milano, Italia",45.46509709,9.19225752,,,,,s068,1950-1960,"<img src =""https://github.com/martinnicastro/topografia_musicale/blob/main/images/thumbnails/s068.jpg?raw=true"">","<a href=""https://github.com/martinnicastro/topografia_musicale/blob/main/images/originals/s068.jpg"" target=""_blank"" rel=""noopener"">Immagine dimensioni originali</a>",https://github.com/martinnicastro/topografia_musicale/blob/main/images/thumbnails/s068.jpg
036s,Palazzo Belgioioso,Eidac,1,,,Sala_concerto,Sala da concerto,"Via Morigi, 9, Milano, Italia",45.4632761,9.1807839,,,,,s036,,"<img src =""https://github.com/martinnicastro/topografia_musicale/blob/main/images/thumbnails/s036.jpg?raw=true"">","<a href=""https://github.com/martinnicastro/topografia_musicale/blob/main/images/originals/s036.jpg"" target=""_blank"" rel=""noopener"">Immagine dimensioni originali</a>",https://github.com/martinnicastro/topografia_musicale/blob/main/images/thumbnails/s036.jpg
087s,Palazzo Bigli,U.S.I.S.,3,,,Sala_concerto,Sala da concerto,"Via Bigli, 11, Milano, Italia",45.46829496,9.19359863,,,,,s087,,"<img src =""https://github.com/martinnicastro/topografia_musicale/blob/main/images/thumbnails/s087.jpg?raw=true"">","<a href=""https://github.com/martinnicastro/topografia_musicale/blob/main/images/originals/s087.jpg"" target=""_blank"" rel=""noopener"">Immagine dimensioni originali</a>",https://github.com/martinnicastro/topografia_musicale/blob/main/images/thumbnails/s087.jpg
069s,Palazzo Borromeo d'Adda,Lyceum,7,,,Sala_concerto,Sala da concerto,"Via Manzoni, 41, Milano, Italia",45.4714475,9.19370592,,,,,s069,1948 circa,"<img src =""https://github.com/martinnicastro/topografia_musicale/blob/main/images/thumbnails/s069.jpg?raw=true"">","<a href=""https://github.com/martinnicastro/topografia_musicale/blob/main/images/originals/s069.jpg"" target=""_blank"" rel=""noopener"">Immagine dimensioni originali</a>",https://github.com/martinnicastro/topografia_musicale/blob/main/images/thumbnails/s069.jpg
070s,Palazzo del Ghiaccio,,12,2000,,Palazzetto,Palazzetto,"Via Giovanni Battista Piranesi, 14, Milano, Italia",45.46023223,9.22715843,,,,,s070,18/05/1957,"<img src =""https://github.com/martinnicastro/topografia_musicale/blob/main/images/thumbnails/s070.jpg?raw=true"">","<a href=""https://github.com/martinnicastro/topografia_musicale/blob/main/images/originals/s070.jpg"" target=""_blank"" rel=""noopener"">Immagine dimensioni originali</a>",https://github.com/martinnicastro/topografia_musicale/blob/main/images/thumbnails/s070.jpg
041s,Palazzo dell'Informazione,Famiglia Artistica Milanese,5,,,Sala_concerto,Sala da concerto,"Piazza Cavour, 2, Milano, Italia",45.47230896,9.19599652,,,,,s041,1943,"<img src =""https://github.com/martinnicastro/topografia_musicale/blob/main/images/thumbnails/s041.jpg?raw=true"">","<a href=""https://github.com/martinnicastro/topografia_musicale/blob/main/images/originals/s041.jpg"" target=""_blank"" rel=""noopener"">Immagine dimensioni originali</a>",https://github.com/martinnicastro/topografia_musicale/blob/main/images/thumbnails/s041.jpg
071s,Palazzo dello Sport,,19,12000,,Palazzetto,Palazzetto,"Piazza Sei Febbraio, Milano, Italia",45.47743233,9.15901959,,,,,s071,febbraio 1961,"<img src =""https://github.com/martinnicastro/topografia_musicale/blob/main/images/thumbnails/s071.jpg?raw=true"">","<a href=""https://github.com/martinnicastro/topografia_musicale/blob/main/images/originals/s071.jpg"" target=""_blank"" rel=""noopener"">Immagine dimensioni originali</a>",https://github.com/martinnicastro/topografia_musicale/blob/main/images/thumbnails/s071.jpg
072s,Palazzo Durini,"Gio Ponti, Francesco Malipiero",8,160,,Sala_concerto,Sala da concerto,"Via Santa Maria Valle, 2, Milano, Italia",45.46001776,9.18381929,,,,,s072,1967,"<img src =""https://github.com/martinnicastro/topografia_musicale/blob/main/images/thumbnails/s072.jpg?raw=true"">","<a href=""https://github.com/martinnicastro/topografia_musicale/blob/main/images/originals/s072.jpg"" target=""_blank"" rel=""noopener"">Immagine dimensioni originali</a>",https://github.com/martinnicastro/topografia_musicale/blob/main/images/thumbnails/s072.jpg
073s,Palazzo Sormani,Polifonica Ambrosiana,1,,,Sala_concerto,Sala da concerto,"Corso di Porta Vittoria,6, Milano, Italia",45.46199687,9.19801891,,,,,s073,2019,"<img src =""https://github.com/martinnicastro/topografia_musicale/blob/main/images/thumbnails/s073.jpg?raw=true"">","<a href=""https://github.com/martinnicastro/topografia_musicale/blob/main/images/originals/s073.jpg"" target=""_blank"" rel=""noopener"">Immagine dimensioni originali</a>",https://github.com/martinnicastro/topografia_musicale/blob/main/images/thumbnails/s073.jpg
074s,Piccola Scala,,153,600,,Teatro_Sala_concerto,Teatro/Sala da concerto,"Via Filodrammatici, 1, Milano, Italia",45.46756135,9.18866873,,,,,s074,1955,"<img src =""https://github.com/martinnicastro/topografia_musicale/blob/main/images/thumbnails/s074.jpg?raw=true"">","<a href=""https://github.com/martinnicastro/topografia_musicale/blob/main/images/originals/s074.jpg"" target=""_blank"" rel=""noopener"">Immagine dimensioni originali</a>",https://github.com/martinnicastro/topografia_musicale/blob/main/images/thumbnails/s074.jpg
075s,Piccolo bar,,2,,,Night_Club,Night club,"Via Gian Domenico Romagnosi, 1, Milano, Italia",45.46841534,9.19043899,,,,,s075,1960,"<img src =""https://github.com/martinnicastro/topografia_musicale/blob/main/images/thumbnails/s075.jpg?raw=true"">","<a href=""https://github.com/martinnicastro/topografia_musicale/blob/main/images/originals/s075.jpg"" target=""_blank"" rel=""noopener"">Immagine dimensioni originali</a>",https://github.com/martinnicastro/topografia_musicale/blob/main/images/thumbnails/s075.jpg
076s,Piccolo Teatro,,766,620,,Teatro_Sala_concerto,Teatro/Sala da concerto,"Via Rovello, 2, Milano, Italia",45.46680515,9.18493509,,,,,s076,1952,"<img src =""https://github.com/martinnicastro/topografia_musicale/blob/main/images/thumbnails/s076.jpg?raw=true"">","<a href=""https://github.com/martinnicastro/topografia_musicale/blob/main/images/originals/s076.jpg"" target=""_blank"" rel=""noopener"">Immagine dimensioni originali</a>",https://github.com/martinnicastro/topografia_musicale/blob/main/images/thumbnails/s076.jpg
077s,Pick-up Club,,0,,,Whisky_a_gogo,Whisky a go-go,"Piazza Piola, Milano, Italia",45.48077242,9.22437429,,,,,s077,22/01/1959,"<img src =""https://github.com/martinnicastro/topografia_musicale/blob/main/images/thumbnails/s077.jpg?raw=true"">","<a href=""https://github.com/martinnicastro/topografia_musicale/blob/main/images/originals/s077.jpg"" target=""_blank"" rel=""noopener"">Immagine dimensioni originali</a>",https://github.com/martinnicastro/topografia_musicale/blob/main/images/thumbnails/s077.jpg
078s,Pigalle,,0,,,Dancing,Dancing,"Corso Buenos Aires, 33, Milano, Italia",45.47938074,9.20963824,,,,,s078,02/03/1958,"<img src =""https://github.com/martinnicastro/topografia_musicale/blob/main/images/thumbnails/s078.jpg?raw=true"">","<a href=""https://github.com/martinnicastro/topografia_musicale/blob/main/images/originals/s078.jpg"" target=""_blank"" rel=""noopener"">Immagine dimensioni originali</a>",https://github.com/martinnicastro/topografia_musicale/blob/main/images/thumbnails/s078.jpg
079s,Pinacoteca di Brera,,13,,,Sala_concerto,Sala da concerto,"Via Brera, 28, Milano, Italia",45.47198921,9.1881752,,,,,s079,2020,"<img src =""https://github.com/martinnicastro/topografia_musicale/blob/main/images/thumbnails/s079.jpg?raw=true"">","<a href=""https://github.com/martinnicastro/topografia_musicale/blob/main/images/originals/s079.jpg"" target=""_blank"" rel=""noopener"">Immagine dimensioni originali</a>",https://github.com/martinnicastro/topografia_musicale/blob/main/images/thumbnails/s079.jpg
080s,Politecnico,,7,,,Sala_concerto,Sala da concerto,"Piazza Leonardo da Vinci, 32, Milano, Italia",45.4780981,9.22727108,,,,,s080,2017,"<img src =""https://github.com/martinnicastro/topografia_musicale/blob/main/images/thumbnails/s080.jpg?raw=true"">","<a href=""https://github.com/martinnicastro/topografia_musicale/blob/main/images/originals/s080.jpg"" target=""_blank"" rel=""noopener"">Immagine dimensioni originali</a>",https://github.com/martinnicastro/topografia_musicale/blob/main/images/thumbnails/s080.jpg
081s,Porta d'Oro,,5,,,Night_Club,Night club,"Piazza Diaz, 3, Milano, Italia",45.4623054,9.19050872,,,,,s081,2/10/1958,"<img src =""https://github.com/martinnicastro/topografia_musicale/blob/main/images/thumbnails/s081.jpg?raw=true"">","<a href=""https://github.com/martinnicastro/topografia_musicale/blob/main/images/originals/s081.jpg"" target=""_blank"" rel=""noopener"">Immagine dimensioni originali</a>",https://github.com/martinnicastro/topografia_musicale/blob/main/images/thumbnails/s081.jpg
082s,Punta dell'Est,,1,,,Night_Club,Night club,"Via Circonvallazione, 29, Segrate, Italia",45.4885377,9.2949255,,,,,s082,1950-1960,"<img src =""https://github.com/martinnicastro/topografia_musicale/blob/main/images/thumbnails/s082.jpg?raw=true"">","<a href=""https://github.com/martinnicastro/topografia_musicale/blob/main/images/originals/s082.jpg"" target=""_blank"" rel=""noopener"">Immagine dimensioni originali</a>",https://github.com/martinnicastro/topografia_musicale/blob/main/images/thumbnails/s082.jpg
083s,Ristorante Grande Italia,,4,,,Night_Club,Night club,"Galleria Vittorio Emanuele, Milano, Italia",45.46639507,9.18994009,,,,,s083,,"<img src =""https://github.com/martinnicastro/topografia_musicale/blob/main/images/thumbnails/s083.jpg?raw=true"">","<a href=""https://github.com/martinnicastro/topografia_musicale/blob/main/images/originals/s083.jpg"" target=""_blank"" rel=""noopener"">Immagine dimensioni originali</a>",https://github.com/martinnicastro/topografia_musicale/blob/main/images/thumbnails/s083.jpg
004s,Rotonda del Pellegrini,Ambrosianeum,42,100,,Sala_concerto,Sala da concerto,"Via delle Ore, 3, Milano, Italia",45.46289234,9.19255793,,,,,s004,,"<img src =""https://github.com/martinnicastro/topografia_musicale/blob/main/images/thumbnails/s004.jpg?raw=true"">","<a href=""https://github.com/martinnicastro/topografia_musicale/blob/main/images/originals/s004.jpg"" target=""_blank"" rel=""noopener"">Immagine dimensioni originali</a>",https://github.com/martinnicastro/topografia_musicale/blob/main/images/thumbnails/s004.jpg
084s,Sala Leone XIII,A.L.C.I.,13,950,,Sala_concerto,Sala da concerto,"Via Leone XIII, 12, Milano, Italia",45.47418608,9.1622436,,1950,,,s084,1955-56,"<img src =""https://github.com/martinnicastro/topografia_musicale/blob/main/images/thumbnails/s084.jpg?raw=true"">","<a href=""https://github.com/martinnicastro/topografia_musicale/blob/main/images/originals/s084.jpg"" target=""_blank"" rel=""noopener"">Immagine dimensioni originali</a>",https://github.com/martinnicastro/topografia_musicale/blob/main/images/thumbnails/s084.jpg
104s,Salone degli affreschi (Umanitaria),Teatro del Popolo,22,,,Sala_concerto,Sala da concerto,"Via Francesco Daverio, 7, Milano, Italia",45.45914858,9.20184374,,,,,s104,1920-1930,"<img src =""https://github.com/martinnicastro/topografia_musicale/blob/main/images/thumbnails/s104.jpg?raw=true"">","<a href=""https://github.com/martinnicastro/topografia_musicale/blob/main/images/originals/s104.jpg"" target=""_blank"" rel=""noopener"">Immagine dimensioni originali</a>",https://github.com/martinnicastro/topografia_musicale/blob/main/images/thumbnails/s104.jpg
085s,Sans Souci,,1,,,Night_Club,Night club,"Piazza Diaz 1, Milano, Italia",45.46258006,9.19047117,,,,,s085,14/02/1959,"<img src =""https://github.com/martinnicastro/topografia_musicale/blob/main/images/thumbnails/s085.jpg?raw=true"">","<a href=""https://github.com/martinnicastro/topografia_musicale/blob/main/images/originals/s085.jpg"" target=""_blank"" rel=""noopener"">Immagine dimensioni originali</a>",https://github.com/martinnicastro/topografia_musicale/blob/main/images/thumbnails/s085.jpg
086s,Santa Tecla Saloon,,16,,,Night_Club,Night club,"Via Santa Tecla, 3, Milano, Italia",45.46279452,9.19287443,,,,,s086,1958,"<img src =""https://github.com/martinnicastro/topografia_musicale/blob/main/images/thumbnails/s086.jpg?raw=true"">","<a href=""https://github.com/martinnicastro/topografia_musicale/blob/main/images/originals/s086.jpg"" target=""_blank"" rel=""noopener"">Immagine dimensioni originali</a>",https://github.com/martinnicastro/topografia_musicale/blob/main/images/thumbnails/s086.jpg
088s,Sferisterio Diana,,3,2000,,Sala_concerto,Sala da concerto,"Viale Piave, 42, Milano, Italia",45.47397166,9.20702577,,,,,s088,1937,"<img src =""https://github.com/martinnicastro/topografia_musicale/blob/main/images/thumbnails/s088.jpg?raw=true"">","<a href=""https://github.com/martinnicastro/topografia_musicale/blob/main/images/originals/s088.jpg"" target=""_blank"" rel=""noopener"">Immagine dimensioni originali</a>",https://github.com/martinnicastro/topografia_musicale/blob/main/images/thumbnails/s088.jpg
089s,Shangai,,0,,,Night_Club,Night club,"Via Col di Lana, 4, Milano, Italia",45.45202158,9.18206513,,,,,s089,07/03/1958,"<img src =""https://github.com/martinnicastro/topografia_musicale/blob/main/images/thumbnails/s089.jpg?raw=true"">","<a href=""https://github.com/martinnicastro/topografia_musicale/blob/main/images/originals/s089.jpg"" target=""_blank"" rel=""noopener"">Immagine dimensioni originali</a>",https://github.com/martinnicastro/topografia_musicale/blob/main/images/thumbnails/s089.jpg
090s,Societa' del Giardino,,1,,,Sala_concerto,Sala da concerto,"Via San Paolo, 10, Milano, Italia",45.46592479,9.19387221,,,,,s090,20/12/2012,"<img src =""https://github.com/martinnicastro/topografia_musicale/blob/main/images/thumbnails/s090.jpg?raw=true"">","<a href=""https://github.com/martinnicastro/topografia_musicale/blob/main/images/originals/s090.jpg"" target=""_blank"" rel=""noopener"">Immagine dimensioni originali</a>",https://github.com/martinnicastro/topografia_musicale/blob/main/images/thumbnails/s090.jpg
091s,Star Jolly Club,,2,,,Night_Club,Night club,"Piazza San Babila, Milano, Italia",45.46620696,9.19709086,,,,,s091,6/11/1962,"<img src =""https://github.com/martinnicastro/topografia_musicale/blob/main/images/thumbnails/s091.jpg?raw=true"">","<a href=""https://github.com/martinnicastro/topografia_musicale/blob/main/images/originals/s091.jpg"" target=""_blank"" rel=""noopener"">Immagine dimensioni originali</a>",https://github.com/martinnicastro/topografia_musicale/blob/main/images/thumbnails/s091.jpg
092s,Stork,,0,,,Night_Club,Night club,"Piazza Diaz, Milano, Italia",45.46259511,9.18949485,,,,,s092,1960,"<img src =""https://github.com/martinnicastro/topografia_musicale/blob/main/images/thumbnails/s092.jpg?raw=true"">","<a href=""https://github.com/martinnicastro/topografia_musicale/blob/main/images/originals/s092.jpg"" target=""_blank"" rel=""noopener"">Immagine dimensioni originali</a>",https://github.com/martinnicastro/topografia_musicale/blob/main/images/thumbnails/s092.jpg
093s,Supercinema Alcione,,67,1900,,Cinema_Teatro,Cinema Teatro,"Piazza Vetra, 11, Milano, Italia",45.45920502,9.1823709,,,,,s093,25/4/1937,"<img src =""https://github.com/martinnicastro/topografia_musicale/blob/main/images/thumbnails/s093.jpg?raw=true"">","<a href=""https://github.com/martinnicastro/topografia_musicale/blob/main/images/originals/s093.jpg"" target=""_blank"" rel=""noopener"">Immagine dimensioni originali</a>",https://github.com/martinnicastro/topografia_musicale/blob/main/images/thumbnails/s093.jpg
094s,Taverna della giarrettiera,,1,,,Night_Club,Night club,"Galleria Vittorio Emanuele, Milano, Italia",45.46599628,9.18995082,,,,,s094,30/12/1960,"<img src =""https://github.com/martinnicastro/topografia_musicale/blob/main/images/thumbnails/s094.jpg?raw=true"">","<a href=""https://github.com/martinnicastro/topografia_musicale/blob/main/images/originals/s094.jpg"" target=""_blank"" rel=""noopener"">Immagine dimensioni originali</a>",https://github.com/martinnicastro/topografia_musicale/blob/main/images/thumbnails/s094.jpg
095s,Taverna Duomo (Gran Hotel Duomo),,14,,,Night_Club,Night club,"Via San Raffaele, 1, Milano, Italia",45.46483749,9.19125974,,,,,s095,1950,"<img src =""https://github.com/martinnicastro/topografia_musicale/blob/main/images/thumbnails/s095.jpg?raw=true"">","<a href=""https://github.com/martinnicastro/topografia_musicale/blob/main/images/originals/s095.jpg"" target=""_blank"" rel=""noopener"">Immagine dimensioni originali</a>",https://github.com/martinnicastro/topografia_musicale/blob/main/images/thumbnails/s095.jpg
096s,Taverna Messicana,,1,,,Night_Club,Night club,"Via San Giovanni sul Muro, 24, Milano, Italia",45.46672991,9.1811049,,,,,s096,09/11/1958,"<img src =""https://github.com/martinnicastro/topografia_musicale/blob/main/images/thumbnails/s096.jpg?raw=true"">","<a href=""https://github.com/martinnicastro/topografia_musicale/blob/main/images/originals/s096.jpg"" target=""_blank"" rel=""noopener"">Immagine dimensioni originali</a>",https://github.com/martinnicastro/topografia_musicale/blob/main/images/thumbnails/s096.jpg
097s,Teatrino del Corso,,124,150,,Teatro_Sala_concerto,Teatro/Sala da concerto,"Corso Vittorio Emanuele, 22, Milano, Italia",45.46527768,9.19552445,,,,,s097,1960 circa,"<img src =""https://github.com/martinnicastro/topografia_musicale/blob/main/images/thumbnails/s097.jpg?raw=true"">","<a href=""https://github.com/martinnicastro/topografia_musicale/blob/main/images/originals/s097.jpg"" target=""_blank"" rel=""noopener"">Immagine dimensioni originali</a>",https://github.com/martinnicastro/topografia_musicale/blob/main/images/thumbnails/s097.jpg
098s,Teatro all'aperto di Vermezzo,,50,,,Teatro_Sala_concerto,Teatro/Sala da concerto,"Alzaia Naviglio Grande, Vermezzo, Italia",45.402021,8.9745897,,,,,s098,25/07/1962,"<img src =""https://github.com/martinnicastro/topografia_musicale/blob/main/images/thumbnails/s098.jpg?raw=true"">","<a href=""https://github.com/martinnicastro/topografia_musicale/blob/main/images/originals/s098.jpg"" target=""_blank"" rel=""noopener"">Immagine dimensioni originali</a>",https://github.com/martinnicastro/topografia_musicale/blob/main/images/thumbnails/s098.jpg
099s,Teatro alla Scala,,803,3000,,Teatro_Sala_concerto,Teatro/Sala da concerto,"Via Filodrammatici, 2, Milano, Italia",45.46752372,9.18921053,,,,,s099,,"<img src =""https://github.com/martinnicastro/topografia_musicale/blob/main/images/thumbnails/s099.jpg?raw=true"">","<a href=""https://github.com/martinnicastro/topografia_musicale/blob/main/images/originals/s099.jpg"" target=""_blank"" rel=""noopener"">Immagine dimensioni originali</a>",https://github.com/martinnicastro/topografia_musicale/blob/main/images/thumbnails/s099.jpg
100s,Teatro alle Maschere,,148,158,,Teatro,Teatro,"Via Borgogna, 7, Milano, Italia",45.46593984,9.19985354,,,,,s100,1970,"<img src =""https://github.com/martinnicastro/topografia_musicale/blob/main/images/thumbnails/s100.jpg?raw=true"">","<a href=""https://github.com/martinnicastro/topografia_musicale/blob/main/images/originals/s100.jpg"" target=""_blank"" rel=""noopener"">Immagine dimensioni originali</a>",https://github.com/martinnicastro/topografia_musicale/blob/main/images/thumbnails/s100.jpg
101s,Teatro Circo,Teatro Popolare Italiano,39,2500,,Teatro,Teatro,"Via Molino delle Armi, 31, Milano, Italia",45.45669149,9.18281078,,,,,s101,1940,"<img src =""https://github.com/martinnicastro/topografia_musicale/blob/main/images/thumbnails/s101.jpg?raw=true"">","<a href=""https://github.com/martinnicastro/topografia_musicale/blob/main/images/originals/s101.jpg"" target=""_blank"" rel=""noopener"">Immagine dimensioni originali</a>",https://github.com/martinnicastro/topografia_musicale/blob/main/images/thumbnails/s101.jpg
103s,Teatro dal Verme,,35,1850,,Cinema_Teatro,Cinema Teatro,"Via San Giovanni sul muro, 4, Milano, Italia",45.46724909,9.18107808,,,,,s103,1950 circa,"<img src =""https://github.com/martinnicastro/topografia_musicale/blob/main/images/thumbnails/s103.jpg?raw=true"">","<a href=""https://github.com/martinnicastro/topografia_musicale/blob/main/images/originals/s103.jpg"" target=""_blank"" rel=""noopener"">Immagine dimensioni originali</a>",https://github.com/martinnicastro/topografia_musicale/blob/main/images/thumbnails/s103.jpg
102s,Teatro del Convegno,,73,400,,Teatro,Teatro,"Via degli Omenoni, 3, Milano, Italia",45.467438,9.1919337,,,,,s102,1957,"<img src =""https://github.com/martinnicastro/topografia_musicale/blob/main/images/thumbnails/s102.jpg?raw=true"">","<a href=""https://github.com/martinnicastro/topografia_musicale/blob/main/images/originals/s102.jpg"" target=""_blank"" rel=""noopener"">Immagine dimensioni originali</a>",https://github.com/martinnicastro/topografia_musicale/blob/main/images/thumbnails/s102.jpg
105s,Teatro dell'Arte,,35,499,,Teatro_Sala_concerto,Teatro/Sala da concerto,"Via Emilio Alemagna, 6, Milano, Italia",45.4721773,9.17419553,,,,,s105,1960 circa,"<img src =""https://github.com/martinnicastro/topografia_musicale/blob/main/images/thumbnails/s105.jpg?raw=true"">","<a href=""https://github.com/martinnicastro/topografia_musicale/blob/main/images/originals/s105.jpg"" target=""_blank"" rel=""noopener"">Immagine dimensioni originali</a>",https://github.com/martinnicastro/topografia_musicale/blob/main/images/thumbnails/s105.jpg
106s,Teatro Elena,,2,500,,Cinema_Teatro,Cinema Teatro,"Via Martino, 1, Sesto San Giovanni, Italia",45.53336779,9.22965825,,,,,s106,2010,"<img src =""https://github.com/martinnicastro/topografia_musicale/blob/main/images/thumbnails/s106.jpg?raw=true"">","<a href=""https://github.com/martinnicastro/topografia_musicale/blob/main/images/originals/s106.jpg"" target=""_blank"" rel=""noopener"">Immagine dimensioni originali</a>",https://github.com/martinnicastro/topografia_musicale/blob/main/images/thumbnails/s106.jpg
107s,Teatro Gerolamo,,545,220,,Teatro_Sala_concerto,Teatro/Sala da concerto,"Piazza Cesare Beccaria, 8, Milano, Italia",45.46414899,9.19444621,,,,,s107,1958,"<img src =""https://github.com/martinnicastro/topografia_musicale/blob/main/images/thumbnails/s107.jpg?raw=true"">","<a href=""https://github.com/martinnicastro/topografia_musicale/blob/main/images/originals/s107.jpg"" target=""_blank"" rel=""noopener"">Immagine dimensioni originali</a>",https://github.com/martinnicastro/topografia_musicale/blob/main/images/thumbnails/s107.jpg
108s,Teatro Lirico,,877,1450,,Teatro_Sala_concerto,Teatro/Sala da concerto,"Via Larga, 16, Milano, Italia",45.46169963,9.19153869,,,,,s108,1938,"<img src =""https://github.com/martinnicastro/topografia_musicale/blob/main/images/thumbnails/s108.jpg?raw=true"">","<a href=""https://github.com/martinnicastro/topografia_musicale/blob/main/images/originals/s108.jpg"" target=""_blank"" rel=""noopener"">Immagine dimensioni originali</a>",https://github.com/martinnicastro/topografia_musicale/blob/main/images/thumbnails/s108.jpg
109s,Teatro Manzoni,,396,,,Teatro_Sala_concerto,Teatro/Sala da concerto,"Via Alessandro Manzoni, 42, Milano, Italia",45.47119921,9.1946286,,,,,s109,1950,"<img src =""https://github.com/martinnicastro/topografia_musicale/blob/main/images/thumbnails/s109.jpeg?raw=true"">","<a href=""https://github.com/martinnicastro/topografia_musicale/blob/main/images/originals/s109.jpeg"" target=""_blank"" rel=""noopener"">Immagine dimensioni originali</a>",https://github.com/martinnicastro/topografia_musicale/blob/main/images/thumbnails/s109.jpg
110s,Teatro Nuovo,"Pomeriggi Musicali, A.R.C., Remigio Paone",805,1100,,Teatro_Sala_concerto,Teatro/Sala da concerto,"Piazza San Babila, 3, Milano, Italia",45.4665117,9.19697285,,,,,s110,,"<img src =""https://github.com/martinnicastro/topografia_musicale/blob/main/images/thumbnails/s110.jpg?raw=true"">","<a href=""https://github.com/martinnicastro/topografia_musicale/blob/main/images/originals/s110.jpeg"" target=""_blank"" rel=""noopener"">Immagine dimensioni originali</a>",https://github.com/martinnicastro/topografia_musicale/blob/main/images/thumbnails/s110.jpg
111s,Teatro Odeon,,838,900,,Teatro,Teatro,"Via Santa Radegonda, 8, Milano, Italia",45.46520996,9.19252038,,,,,s111,1950-1960,"<img src =""https://github.com/martinnicastro/topografia_musicale/blob/main/images/thumbnails/s111.jpg?raw=true"">","<a href=""https://github.com/martinnicastro/topografia_musicale/blob/main/images/originals/s111.jpg"" target=""_blank"" rel=""noopener"">Immagine dimensioni originali</a>",https://github.com/martinnicastro/topografia_musicale/blob/main/images/thumbnails/s111.jpg
112s,Teatro Olimpia (Olimpia Music Hall),"Gioventu' Musicale, Gorni Kramer",498,1600,,Teatro_Sala_Dancing,Teatro/Sala da concerto/Dancing,"Foro Bonaparte, 74, Milano, Italia",45.4687276,9.18232262,,,,,s112,1942-1944,"<img src =""https://github.com/martinnicastro/topografia_musicale/blob/main/images/thumbnails/s112.jpg?raw=true"">","<a href=""https://github.com/martinnicastro/topografia_musicale/blob/main/images/originals/s112.jpg"" target=""_blank"" rel=""noopener"">Immagine dimensioni originali</a>",https://github.com/martinnicastro/topografia_musicale/blob/main/images/thumbnails/s112.jpg
113s,Teatro Puccini,,16,1200,,Cinema_Teatro,Cinema Teatro,"Corso Buenos Aires,33, Milano, Italia",45.4797343,9.20931101,,,,,s113,1950 circa,"<img src =""https://github.com/martinnicastro/topografia_musicale/blob/main/images/thumbnails/s113.jpg?raw=true"">","<a href=""https://github.com/martinnicastro/topografia_musicale/blob/main/images/originals/s113.jpg"" target=""_blank"" rel=""noopener"">Immagine dimensioni originali</a>",https://github.com/martinnicastro/topografia_musicale/blob/main/images/thumbnails/s113.jpg
114s,Teatro Rosetum,,1,320,,Sala_concerto,Sala da concerto,"Via Pisanello, 21, Milano, Italia",45.46696316,9.14036214,,,,,s114,2021,"<img src =""https://github.com/martinnicastro/topografia_musicale/blob/main/images/thumbnails/s114.jpg?raw=true"">","<a href=""https://github.com/martinnicastro/topografia_musicale/blob/main/images/originals/s114.jpg"" target=""_blank"" rel=""noopener"">Immagine dimensioni originali</a>",https://github.com/martinnicastro/topografia_musicale/blob/main/images/thumbnails/s114.jpg
115s,Teatro San Marco,,82,200,,Teatro_Sala_concerto,Teatro/Sala da concerto,"Via San Marco, 2, Milano, Italia",45.47347135,9.18813229,,,,,s115,1963-1970,"<img src =""https://github.com/martinnicastro/topografia_musicale/blob/main/images/thumbnails/s115.jpg?raw=true"">","<a href=""https://github.com/martinnicastro/topografia_musicale/blob/main/images/originals/s115.jpg"" target=""_blank"" rel=""noopener"">Immagine dimensioni originali</a>",https://github.com/martinnicastro/topografia_musicale/blob/main/images/thumbnails/s115.jpg
116s,Teatro Sant'Erasmo,,118,280,,Teatro_Sala_concerto,Teatro/Sala da concerto,"Via dei Giardini, 7, Milano, Italia",45.471472,9.1925114,,,,,s116,post-1954,"<img src =""https://github.com/martinnicastro/topografia_musicale/blob/main/images/thumbnails/s116.jpg?raw=true"">","<a href=""https://github.com/martinnicastro/topografia_musicale/blob/main/images/originals/s116.jpg"" target=""_blank"" rel=""noopener"">Immagine dimensioni originali</a>",https://github.com/martinnicastro/topografia_musicale/blob/main/images/thumbnails/s116.jpg
117s,Teatro Smeraldo,,212,3000,,Cinema_Teatro,Cinema Teatro,"Piazza Venticinque Aprile, 10, Milano, Italia",45.4805661,9.1881047,,,,,s117,1960-1970,"<img src =""https://github.com/martinnicastro/topografia_musicale/blob/main/images/thumbnails/s117.jpg?raw=true"">","<a href=""https://github.com/martinnicastro/topografia_musicale/blob/main/images/originals/s117.jpg"" target=""_blank"" rel=""noopener"">Immagine dimensioni originali</a>",https://github.com/martinnicastro/topografia_musicale/blob/main/images/thumbnails/s117.jpg
118s,Trocadero,,33,,,Night_Club,Night club,"Galleria Vittorio Emanuele II, Milano, Italia",45.46572539,9.18993473,,,,,s118,20/03/1958,"<img src =""https://github.com/martinnicastro/topografia_musicale/blob/main/images/thumbnails/s118.jpg?raw=true"">","<a href=""https://github.com/martinnicastro/topografia_musicale/blob/main/images/originals/s118.jpg"" target=""_blank"" rel=""noopener"">Immagine dimensioni originali</a>",https://github.com/martinnicastro/topografia_musicale/blob/main/images/thumbnails/s118.jpg
119s,Universita Cattolica,,1,,,Sala_concerto,Sala da concerto,"Largo Agostino Gemelli, 1, Milano, Italia",45.4630515,9.1767592,,,1927-1934,,s119,,"<img src =""https://github.com/martinnicastro/topografia_musicale/blob/main/images/thumbnails/s119.jpg?raw=true"">","<a href=""https://github.com/martinnicastro/topografia_musicale/blob/main/images/originals/s119.jpg"" target=""_blank"" rel=""noopener"">Immagine dimensioni originali</a>",https://github.com/martinnicastro/topografia_musicale/blob/main/images/thumbnails/s119.jpg
120s,Universita degli Studi,,1,626,,Sala_concerto,Sala da concerto,"Via Festa del Perdono, 7, Milano, Italia",45.46069879,9.19474125,,1951-1958,,,s120,1958,"<img src =""https://github.com/martinnicastro/topografia_musicale/blob/main/images/thumbnails/s120.jpg?raw=true"">","<a href=""https://github.com/martinnicastro/topografia_musicale/blob/main/images/originals/s120.jpg"" target=""_blank"" rel=""noopener"">Immagine dimensioni originali</a>",https://github.com/martinnicastro/topografia_musicale/blob/main/images/thumbnails/s120.jpg
121s,Universita popolare,,1,,,Sala_concerto,Sala da concerto,"Piazza Missori, 4, Milano, Italia",45.46109763,9.18779969,,,,,s121,30/05/1961,"<img src =""https://github.com/martinnicastro/topografia_musicale/blob/main/images/thumbnails/s121.jpg?raw=true"">","<a href=""https://github.com/martinnicastro/topografia_musicale/blob/main/images/originals/s121.jpg"" target=""_blank"" rel=""noopener"">Immagine dimensioni originali</a>",https://github.com/martinnicastro/topografia_musicale/blob/main/images/thumbnails/s121.jpg
122s,Whisky notte a gogo,,0,,,Whisky_a_gogo,Whisky a go-go,"Piazza Carlo Erba, Milano, Italia",45.47535219,9.22113419,,,,,s122,4/2/1961,"<img src =""https://github.com/martinnicastro/topografia_musicale/blob/main/images/thumbnails/s122.jpg?raw=true"">","<a href=""https://github.com/martinnicastro/topografia_musicale/blob/main/images/originals/s122.jpg"" target=""_blank"" rel=""noopener"">Immagine dimensioni originali</a>",https://github.com/martinnicastro/topografia_musicale/blob/main/images/thumbnails/s122.jpg