id,Nome,Intervistato,Data_intervista,Link_Youtube,Link_embed,Latitude,Longitude,Video_originale,Video_player,Intervistato_icon,Link_zenodo,Video_player_2
028v,Angelicum,Bruno Canino,03-03-2022,https://www.youtube.com/watch?v=o_e454YKu2s,https://www.youtube.com/embed/o_e454YKu2s,45.47545488,9.191919172,"<a href=""https://www.youtube.com/watch?v=o_e454YKu2s"" target=""_blank"" rel=""noopener"">Video originale</a>","<iframe width=""280"" height=""200"" src=""https://www.youtube.com/embed/o_e454YKu2s"" frameborder=""0"" allow=""autoplay; encrypted-media"" allowfullscreen=""""></iframe>",Bruno_Canino,https://zenodo.org/record/7990185/files/Angelicum_Canino.mp4,"<video controls preload=""metadata"" src=""https://zenodo.org/record/7990185/files/Angelicum_Canino.mp4"" width=""300px"" height=""220px"" ></video>"
037v,Angelicum,Giacomo Manzoni,03-03-2022,https://www.youtube.com/watch?v=Nw0q1rxJbXM,https://www.youtube.com/embed/Nw0q1rxJbXM,45.47567871,9.191759316,"<a href=""https://www.youtube.com/watch?v=Nw0q1rxJbXM"" target=""_blank"" rel=""noopener"">Video originale</a>","<iframe width=""280"" height=""200"" src=""https://www.youtube.com/embed/Nw0q1rxJbXM"" frameborder=""0"" allow=""autoplay; encrypted-media"" allowfullscreen=""""></iframe>",Giacomo_Manzoni,https://zenodo.org/record/7990185/files/Angelicum_Manzoni.mp4,"<video controls preload=""metadata"" src=""https://zenodo.org/record/7990185/files/Angelicum_Manzoni.mp4"" width=""300px"" height=""220px"" ></video>"
012v,Arethusa,Paolo Tomelleri,23-02-2022,,,45.46271441,9.189554915,"<a href=""https://www.youtube.com/watch?v=QPA8v4bKIs4"" target=""_blank"" rel=""noopener"">Video originale</a>","<iframe width=""280"" height=""200"" src=""https://www.youtube.com/embed/QPA8v4bKIs4"" frameborder=""0"" allow=""autoplay; encrypted-media"" allowfullscreen=""""></iframe>",Paolo_Tomelleri,https://zenodo.org/record/7990185/files/Arethusa_Tomelleri.mp4,"<video controls preload=""metadata"" src=""https://zenodo.org/record/7990185/files/Arethusa_Tomelleri.mp4"" width=""300px"" height=""220px"" ></video>"
048v,Arethusa,Lino Patruno,22-04-2022,https://www.youtube.com/watch?v=QmGBXYc5oDI,https://www.youtube.com/embed/QmGBXYc5oDI,45.46267948,9.189731731,"<a href=""https://www.youtube.com/watch?v=QmGBXYc5oDI"" target=""_blank"" rel=""noopener"">Video originale</a>","<iframe width=""280"" height=""200"" src=""https://www.youtube.com/embed/QmGBXYc5oDI"" frameborder=""0"" allow=""autoplay; encrypted-media"" allowfullscreen=""""></iframe>",Lino_Patruno,https://zenodo.org/record/7990185/files/Arethusa_Patruno.mp4,"<video controls preload=""metadata"" src=""https://zenodo.org/record/7990185/files/Arethusa_Patruno.mp4"" width=""300px"" height=""220px"" ></video>"
018v,Astoria,Gaetano Liguori,17-3-2022,https://www.youtube.com/watch?v=aBXk-BEwgMg,https://www.youtube.com/embed/aBXk-BEwgMg,45.46290152,9.186765401,"<a href=""https://www.youtube.com/watch?v=aBXk-BEwgMg"" target=""_blank"" rel=""noopener"">Video originale</a>","<iframe width=""280"" height=""200"" src=""https://www.youtube.com/embed/aBXk-BEwgMg"" frameborder=""0"" allow=""autoplay; encrypted-media"" allowfullscreen=""""></iframe>",Gaetano_Liguori,https://zenodo.org/record/7990185/files/Astoria_Liguori.mp4,"<video controls preload=""metadata"" src=""https://zenodo.org/record/7990185/files/Astoria_Liguori.mp4"" width=""300px"" height=""220px"" ></video>"
019v,Auditorium Pirelli,Gaetano Liguori,17-3-2022,https://www.youtube.com/watch?v=_fvYQibxcYM,https://www.youtube.com/embed/_fvYQibxcYM,45.48461769,9.201991111,"<a href=""https://www.youtube.com/watch?v=_fvYQibxcYM"" target=""_blank"" rel=""noopener"">Video originale</a>","<iframe width=""280"" height=""200"" src=""https://www.youtube.com/embed/_fvYQibxcYM"" frameborder=""0"" allow=""autoplay; encrypted-media"" allowfullscreen=""""></iframe>",Gaetano_Liguori,https://zenodo.org/record/7990185/files/Auditorium%20Pirelli_Liguori.mp4,"<video controls preload=""metadata"" src=""https://zenodo.org/record/7990185/files/Auditorium%20Pirelli_Liguori.mp4"" width=""300px"" height=""220px"" ></video>"
027v,Branca,Gaetano Liguori,17-3-2022,https://www.youtube.com/watch?v=YptMsA0pm_I,https://www.youtube.com/embed/YptMsA0pm_I,45.49662284,9.177873422,"<a href=""https://www.youtube.com/watch?v=YptMsA0pm_I"" target=""_blank"" rel=""noopener"">Video originale</a>","<iframe width=""280"" height=""200"" src=""https://www.youtube.com/embed/YptMsA0pm_I"" frameborder=""0"" allow=""autoplay; encrypted-media"" allowfullscreen=""""></iframe>",Gaetano_Liguori,https://zenodo.org/record/7990185/files/Branca_Liguori.mp4,"<video controls preload=""metadata"" src=""https://zenodo.org/record/7990185/files/Branca_Liguori.mp4"" width=""300px"" height=""220px"" ></video>"
020v,Caprice,Gaetano Liguori,17-3-2022,https://www.youtube.com/watch?v=h5yDw8BuFOw,https://www.youtube.com/embed/h5yDw8BuFOw,45.46589914,9.198688263,"<a href=""https://www.youtube.com/watch?v=h5yDw8BuFOw"" target=""_blank"" rel=""noopener"">Video originale</a>","<iframe width=""280"" height=""200"" src=""https://www.youtube.com/embed/h5yDw8BuFOw"" frameborder=""0"" allow=""autoplay; encrypted-media"" allowfullscreen=""""></iframe>",Gaetano_Liguori,https://zenodo.org/record/7990185/files/Caprice_Liguori.mp4,"<video controls preload=""metadata"" src=""https://zenodo.org/record/7990185/files/Caprice_Liguori.mp4"" width=""300px"" height=""220px"" ></video>"
049v,Captain Kid,Lino Patruno,22-04-2022,https://www.youtube.com/watch?v=ZBLFcQJXSl4,https://www.youtube.com/embed/ZBLFcQJXSl4,45.46373282,9.186144558,"<a href=""https://www.youtube.com/watch?v=ZBLFcQJXSl4"" target=""_blank"" rel=""noopener"">Video originale</a>","<iframe width=""280"" height=""200"" src=""https://www.youtube.com/embed/ZBLFcQJXSl4"" frameborder=""0"" allow=""autoplay; encrypted-media"" allowfullscreen=""""></iframe>",Lino_Patruno,https://zenodo.org/record/7990185/files/Captain%20Kid_Patruno.mp4,"<video controls preload=""metadata"" src=""https://zenodo.org/record/7990185/files/Captain%20Kid_Patruno.mp4"" width=""300px"" height=""220px"" ></video>"
029v,Cinema Gloria,Bruno Canino,03-03-2022,https://www.youtube.com/watch?v=4TzAuu09KWo,https://www.youtube.com/embed/4TzAuu09KWo,45.46641874,9.161931642,"<a href=""https://www.youtube.com/watch?v=4TzAuu09KWo"" target=""_blank"" rel=""noopener"">Video originale</a>","<iframe width=""280"" height=""200"" src=""https://www.youtube.com/embed/4TzAuu09KWo"" frameborder=""0"" allow=""autoplay; encrypted-media"" allowfullscreen=""""></iframe>",Bruno_Canino,https://zenodo.org/record/7990185/files/Cinema%20Gloria_Canino.mp4,"<video controls preload=""metadata"" src=""https://zenodo.org/record/7990185/files/Cinema%20Gloria_Canino.mp4"" width=""300px"" height=""220px"" ></video>"
055v,Cinema Teatro Smeraldo,Lino Patruno,22-04-2022,https://www.youtube.com/watch?v=QLYFUVfVnS0,https://www.youtube.com/embed/QLYFUVfVnS0,45.4805357,9.187649149,"<a href=""https://www.youtube.com/watch?v=QLYFUVfVnS0"" target=""_blank"" rel=""noopener"">Video originale</a>","<iframe width=""280"" height=""200"" src=""https://www.youtube.com/embed/QLYFUVfVnS0"" frameborder=""0"" allow=""autoplay; encrypted-media"" allowfullscreen=""""></iframe>",Lino_Patruno,https://zenodo.org/record/7990185/files/Teatro%20Smeraldo_Patruno.mp4,"<video controls preload=""metadata"" src=""https://zenodo.org/record/7990185/files/Teatro%20Smeraldo_Patruno.mp4"" width=""300px"" height=""220px"" ></video>"
030v,Circolo della Stampa,Bruno Canino,03-03-2022,https://www.youtube.com/watch?v=xswNV8OTds4,https://www.youtube.com/embed/xswNV8OTds4,45.46915141,9.199582775,"<a href=""https://www.youtube.com/watch?v=xswNV8OTds4"" target=""_blank"" rel=""noopener"">Video originale</a>","<iframe width=""280"" height=""200"" src=""https://www.youtube.com/embed/xswNV8OTds4"" frameborder=""0"" allow=""autoplay; encrypted-media"" allowfullscreen=""""></iframe>",Bruno_Canino,https://zenodo.org/record/7990185/files/Circolo%20della%20stampa_Canino.mp4,"<video controls preload=""metadata"" src=""https://zenodo.org/record/7990185/files/Circolo%20della%20stampa_Canino.mp4"" width=""300px"" height=""220px"" ></video>"
036v,Circolo Pirelli,Bruno Canino,03-03-2022,https://www.youtube.com/watch?v=pGlePv70Z_4,https://www.youtube.com/embed/pGlePv70Z_4,45.47182303,9.202605469,"<a href=""https://www.youtube.com/watch?v=pGlePv70Z_4"" target=""_blank"" rel=""noopener"">Video originale</a>","<iframe width=""280"" height=""200"" src=""https://www.youtube.com/watch?v=pGlePv70Z_4"" frameborder=""0"" allow=""autoplay; encrypted-media"" allowfullscreen=""""></iframe>",Bruno_Canino,https://zenodo.org/record/7990185/files/Circolo%20Pirelli_Canino.mp4,"<video controls preload=""metadata"" src=""https://zenodo.org/record/7990185/files/Circolo%20Pirelli_Canino.mp4"" width=""300px"" height=""220px"" ></video>"
038v,Circolo Pirelli,Giacomo Manzoni,03-03-2022,https://www.youtube.com/watch?v=Mh7e6vlvZU8,https://www.youtube.com/embed/Mh7e6vlvZU8,45.47169768,9.202688355,"<a href=""https://www.youtube.com/watch?v=Mh7e6vlvZU8"" target=""_blank"" rel=""noopener"">Video originale</a>","<iframe width=""280"" height=""200"" src=""https://www.youtube.com/embed/Mh7e6vlvZU8"" frameborder=""0"" allow=""autoplay; encrypted-media"" allowfullscreen=""""></iframe>",Giacomo_Manzoni,https://zenodo.org/record/7990185/files/Circolo%20Pirelli_Manzoni.mp4,"<video controls preload=""metadata"" src=""https://zenodo.org/record/7990185/files/Circolo%20Pirelli_Manzoni.mp4"" width=""300px"" height=""220px"" ></video>"
007v,Derby,Enrico Intra,11-02-2022,,,45.47820885,9.145224369,"<a href=""https://www.youtube.com/watch?v=3oFlEC576Z8"" target=""_blank"" rel=""noopener"">Video originale</a>","<iframe width=""280"" height=""200"" src=""https://www.youtube.com/embed/3oFlEC576Z8"" frameborder=""0"" allow=""autoplay; encrypted-media"" allowfullscreen=""""></iframe>",Enrico_Intra,https://zenodo.org/record/7990185/files/Derby_Intra.mp4,"<video controls preload=""metadata"" src=""https://zenodo.org/record/7990185/files/Derby_Intra.mp4"" width=""300px"" height=""220px"" ></video>"
021v,Derby,Gaetano Liguori,17-3-2022,https://www.youtube.com/watch?v=z1N5kB_xO-4,https://www.youtube.com/embed/z1N5kB_xO-4,45.47815143,9.145381782,"<a href=""https://www.youtube.com/watch?v=z1N5kB_xO-4"" target=""_blank"" rel=""noopener"">Video originale</a>","<iframe width=""280"" height=""200"" src=""https://www.youtube.com/embed/z1N5kB_xO-4"" frameborder=""0"" allow=""autoplay; encrypted-media"" allowfullscreen=""""></iframe>",Gaetano_Liguori,https://zenodo.org/record/7990185/files/Derby_Liguori.mp4,"<video controls preload=""metadata"" src=""https://zenodo.org/record/7990185/files/Derby_Liguori.mp4"" width=""300px"" height=""220px"" ></video>"
050v,Derby,Lino Patruno,22-04-2022,https://www.youtube.com/watch?v=H0WUd1Ha-yg,https://www.youtube.com/embed/H0WUd1Ha-yg,45.47840949,9.145203323,"<a href=""https://www.youtube.com/watch?v=H0WUd1Ha-yg"" target=""_blank"" rel=""noopener"">Video originale</a>","<iframe width=""280"" height=""200"" src=""https://www.youtube.com/embed/H0WUd1Ha-yg"" frameborder=""0"" allow=""autoplay; encrypted-media"" allowfullscreen=""""></iframe>",Lino_Patruno,https://zenodo.org/record/7990185/files/Derby_Patruno.mp4,"<video controls preload=""metadata"" src=""https://zenodo.org/record/7990185/files/Derby_Patruno.mp4"" width=""300px"" height=""220px"" ></video>"
013v,El Maroco,Paolo Tomelleri,23-02-2022,,,45.46197313,9.191052162,"<a href=""https://www.youtube.com/watch?v=V1sb9IF9xUM"" target=""_blank"" rel=""noopener"">Video originale</a>","<iframe width=""280"" height=""200"" src=""https://www.youtube.com/embed/V1sb9IF9xUM"" frameborder=""0"" allow=""autoplay; encrypted-media"" allowfullscreen=""""></iframe>",Paolo_Tomelleri,https://zenodo.org/record/7990185/files/El%20Maroco_Tomelleri.mp4,"<video controls preload=""metadata"" src=""https://zenodo.org/record/7990185/files/El%20Maroco_Tomelleri.mp4"" width=""300px"" height=""220px"" ></video>"
022v,Galleria del Corso,Gaetano Liguori,17-3-2022,https://www.youtube.com/watch?v=GTE62UFE1BU,https://www.youtube.com/embed/GTE62UFE1BU,45.46473338,9.195185734,"<a href=""https://www.youtube.com/watch?v=GTE62UFE1BU"" target=""_blank"" rel=""noopener"">Video originale</a>","<iframe width=""280"" height=""200"" src=""https://www.youtube.com/embed/GTE62UFE1BU"" frameborder=""0"" allow=""autoplay; encrypted-media"" allowfullscreen=""""></iframe>",Gaetano_Liguori,https://zenodo.org/record/7990185/files/Galleria%20del%20corso_Liguori.mp4,"<video controls preload=""metadata"" src=""https://zenodo.org/record/7990185/files/Galleria%20del%20corso_Liguori.mp4"" width=""300px"" height=""220px"" ></video>"
044v,Galleria del Corso,Gian Franco Reverberi,22-04-2022,https://www.youtube.com/watch?v=OCd-PozQXL8,https://www.youtube.com/embed/OCd-PozQXL8,45.46498264,9.195153278,"<a href=""https://www.youtube.com/watch?v=OCd-PozQXL8"" target=""_blank"" rel=""noopener"">Video originale</a>","<iframe width=""280"" height=""200"" src=""https://www.youtube.com/embed/OCd-PozQXL8"" frameborder=""0"" allow=""autoplay; encrypted-media"" allowfullscreen=""""></iframe>",Gian_Franco_Reverberi,https://zenodo.org/record/7990185/files/Galleria%20del%20Corso_Reverberi.mp4,"<video controls preload=""metadata"" src=""https://zenodo.org/record/7990185/files/Galleria%20del%20Corso_Reverberi.mp4"" width=""300px"" height=""220px"" ></video>"
008v,Intra's al Corso,Enrico Intra,11-02-2022,,,45.46536391,9.195360769,"<a href=""https://www.youtube.com/watch?v=M4rFQOpTEDI"" target=""_blank"" rel=""noopener"">Video originale</a>","<iframe width=""280"" height=""200"" src=""https://www.youtube.com/embed/M4rFQOpTEDI"" frameborder=""0"" allow=""autoplay; encrypted-media"" allowfullscreen=""""></iframe>",Enrico_Intra,https://zenodo.org/record/7990185/files/Intra_s%20al%20Corso_Intra.mp4,"<video controls preload=""metadata"" src=""https://zenodo.org/record/7990185/files/Intra_s%20al%20Corso_Intra.mp4"" width=""300px"" height=""220px"" ></video>"
031v,Istituto dei Ciechi,Bruno Canino,03-03-2022,https://www.youtube.com/watch?v=84IGXwRXHSA,https://www.youtube.com/embed/84IGXwRXHSA,45.46895576,9.203886634,"<a href=""https://www.youtube.com/watch?v=84IGXwRXHSA"" target=""_blank"" rel=""noopener"">Video originale</a>","<iframe width=""280"" height=""200"" src=""https://www.youtube.com/embed/84IGXwRXHSA"" frameborder=""0"" allow=""autoplay; encrypted-media"" allowfullscreen=""""></iframe>",Bruno_Canino,https://zenodo.org/record/7990185/files/Polifonica%20Ambrosiana_Canino.mp4,"<video controls preload=""metadata"" src=""https://zenodo.org/record/7990185/files/Polifonica%20Ambrosiana_Canino.mp4"" width=""300px"" height=""220px"" ></video>"
023v,La Pelota,Gaetano Liguori,17-3-2022,https://www.youtube.com/watch?v=oJHKkkVyqs4,https://www.youtube.com/embed/oJHKkkVyqs4,45.47538296,9.185090059,"<a href=""https://www.youtube.com/watch?v=oJHKkkVyqs4"" target=""_blank"" rel=""noopener"">Video originale</a>","<iframe width=""280"" height=""200"" src=""https://www.youtube.com/embed/oJHKkkVyqs4"" frameborder=""0"" allow=""autoplay; encrypted-media"" allowfullscreen=""""></iframe>",Gaetano_Liguori,https://zenodo.org/record/7990185/files/La%20Pelota_Liguori.mp4,"<video controls preload=""metadata"" src=""https://zenodo.org/record/7990185/files/La%20Pelota_Liguori.mp4"" width=""300px"" height=""220px"" ></video>"
002v,Locale non identificato,Natale Massara,15-03-2022,,,45.46274495,9.19500779,"<a href=""https://www.youtube.com/watch?v=z6nrm0TeMEg"" target=""_blank"" rel=""noopener"">Video originale</a>","<iframe width=""280"" height=""200"" src=""https://www.youtube.com/embed/z6nrm0TeMEg?rel=0"" frameborder=""0"" allow=""autoplay; encrypted-media"" allowfullscreen=""""></iframe>",Natale_Massara,https://zenodo.org/record/7990185/files/Battisti_Massara.mp4,"<video controls preload=""metadata"" src=""https://zenodo.org/record/7990185/files/Battisti_Massara.mp4"" width=""300px"" height=""220px"" ></video>"
052v,Locale non identificato,Lino Patruno,22-04-2022,https://www.youtube.com/watch?v=BzO6TPXKS_Y,https://www.youtube.com/embed/BzO6TPXKS_Y,45.4650115,9.197179195,"<a href=""https://www.youtube.com/watch?v=BzO6TPXKS_Y"" target=""_blank"" rel=""noopener"">Video originale</a>","<iframe width=""280"" height=""200"" src=""https://www.youtube.com/embed/BzO6TPXKS_Y"" frameborder=""0"" allow=""autoplay; encrypted-media"" allowfullscreen=""""></iframe>",Lino_Patruno,https://zenodo.org/record/7990185/files/Teatro%20corso%20Europa_Patruno.mp4,"<video controls preload=""metadata"" src=""https://zenodo.org/record/7990185/files/Teatro%20corso%20Europa_Patruno.mp4"" width=""300px"" height=""220px"" ></video>"
004v,Palazzo dello Sport,Natale Massara,15-03-2022,,,45.47742288,9.159981281,"<a href=""https://www.youtube.com/watch?v=EwRUZAA6Axo"" target=""_blank"" rel=""noopener"">Video originale</a>","<iframe width=""280"" height=""200"" src=""https://www.youtube.com/embed/EwRUZAA6Axo"" frameborder=""0"" allow=""autoplay; encrypted-media"" allowfullscreen=""""></iframe>",Natale_Massara,https://zenodo.org/record/7990185/files/Palazzo%20dello%20Sport_Massara.mp4,"<video controls preload=""metadata"" src=""https://zenodo.org/record/7990185/files/Palazzo%20dello%20Sport_Massara.mp4"" width=""300px"" height=""220px"" ></video>"
041v,Piccola Scala,Giacomo Manzoni,03-03-2022,https://www.youtube.com/watch?v=FzsF-fcaBZs,https://www.youtube.com/embed/FzsF-fcaBZs,45.46740902,9.188485139,"<a href=""https://www.youtube.com/watch?v=FzsF-fcaBZs"" target=""_blank"" rel=""noopener"">Video originale</a>","<iframe width=""280"" height=""200"" src=""https://www.youtube.com/embed/FzsF-fcaBZs"" frameborder=""0"" allow=""autoplay; encrypted-media"" allowfullscreen=""""></iframe>",Giacomo_Manzoni,https://zenodo.org/record/7990185/files/Piccola%20Scala_Manzoni.mp4,"<video controls preload=""metadata"" src=""https://zenodo.org/record/7990185/files/Piccola%20Scala_Manzoni.mp4"" width=""300px"" height=""220px"" ></video>"
025v,Pigalle,Gaetano Liguori,17-3-2022,https://www.youtube.com/watch?v=nT9FxP8TL14,https://www.youtube.com/embed/nT9FxP8TL14,45.47930265,9.209775898,"<a href=""https://www.youtube.com/watch?v=nT9FxP8TL14"" target=""_blank"" rel=""noopener"">Video originale</a>","<iframe width=""280"" height=""200"" src=""https://www.youtube.com/embed/nT9FxP8TL14"" frameborder=""0"" allow=""autoplay; encrypted-media"" allowfullscreen=""""></iframe>",Gaetano_Liguori,https://zenodo.org/record/7990185/files/Pigalle_Liguori.mp4,"<video controls preload=""metadata"" src=""https://zenodo.org/record/7990185/files/Pigalle_Liguori.mp4"" width=""300px"" height=""220px"" ></video>"
016v,Porta d'Oro,Paolo Tomelleri,23-02-2022,,,45.46226483,9.190332501,"<a href=""https://www.youtube.com/watch?v=GMmLFDwUC_w"" target=""_blank"" rel=""noopener"">Video originale</a>","<iframe width=""280"" height=""200"" src=""https://www.youtube.com/embed/GMmLFDwUC_w"" frameborder=""0"" allow=""autoplay; encrypted-media"" allowfullscreen=""""></iframe>",Paolo_Tomelleri,https://zenodo.org/record/7990185/files/Porta%20D_Oro_Tomelleri.mp4,"<video controls preload=""metadata"" src=""https://zenodo.org/record/7990185/files/Porta%20D_Oro_Tomelleri.mp4"" width=""300px"" height=""220px"" ></video>"
032v,Sala Puccini,Bruno Canino,03-03-2022,https://www.youtube.com/watch?v=wdYkI8cRw2w,https://www.youtube.com/embed/wdYkI8cRw2w,45.46468337,9.203395579,"<a href=""https://www.youtube.com/watch?v=wdYkI8cRw2w"" target=""_blank"" rel=""noopener"">Video originale</a>","<iframe width=""280"" height=""200"" src=""https://www.youtube.com/embed/wdYkI8cRw2w"" frameborder=""0"" allow=""autoplay; encrypted-media"" allowfullscreen=""""></iframe>",Bruno_Canino,https://zenodo.org/record/7990185/files/Sala%20Puccini_Canino.mp4?download=1,"<video controls preload=""metadata"" src=""https://zenodo.org/record/7990185/files/Sala%20Puccini_Canino.mp4?download=1"" width=""300px"" height=""220px"" ></video>"
005v,Santa Tecla,Natale Massara,15-03-2022,,,45.46276851,9.192684944,"<a href=""https://www.youtube.com/watch?v=MhQMPUbgSZM"" target=""_blank"" rel=""noopener"">Video originale</a>","<iframe width=""280"" height=""200"" src=""https://www.youtube.com/embed/MhQMPUbgSZM?rel=0"" frameborder=""0"" allow=""autoplay; encrypted-media"" allowfullscreen=""""></iframe>",Natale_Massara,https://zenodo.org/record/7990185/files/Santa_Tecla_Massara.mp4,"<video controls preload=""metadata"" src=""https://zenodo.org/record/7990185/files/Santa_Tecla_Massara.mp4"" width=""300px"" height=""220px"" ></video>"
009v,Santa Tecla,Enrico Intra,11-02-2022,,,45.46271218,9.192721544,"<a href=""https://www.youtube.com/watch?v=NyNF8SKBFZk"" target=""_blank"" rel=""noopener"">Video originale</a>","<iframe width=""280"" height=""200"" src=""https://www.youtube.com/embed/NyNF8SKBFZk"" frameborder=""0"" allow=""autoplay; encrypted-media"" allowfullscreen=""""></iframe>",Enrico_Intra,https://zenodo.org/record/7990185/files/Santa%20Tecla_Intra.mp4,"<video controls preload=""metadata"" src=""https://zenodo.org/record/7990185/files/Santa%20Tecla_Intra.mp4"" width=""300px"" height=""220px"" ></video>"
017v,Santa Tecla,Paolo Tomelleri,23-02-2022,,,45.46269473,9.192845803,"<a href=""https://www.youtube.com/watch?v=UDgaTP82X1k"" target=""_blank"" rel=""noopener"">Video originale</a>","<iframe width=""280"" height=""200"" src=""https://www.youtube.com/embed/UDgaTP82X1k"" frameborder=""0"" allow=""autoplay; encrypted-media"" allowfullscreen=""""></iframe>",Paolo_Tomelleri,https://zenodo.org/record/7990185/files/Santa%20Tecla_Tomelleri.mp4,"<video controls preload=""metadata"" src=""https://zenodo.org/record/7990185/files/Santa%20Tecla_Tomelleri.mp4"" width=""300px"" height=""220px"" ></video>"
045v,Santa Tecla,Gian Franco Reverberi,22-04-2022,https://www.youtube.com/watch?v=LGQlbZbX5MY,https://www.youtube.com/embed/LGQlbZbX5MY,45.46286314,9.192769518,"<a href=""https://www.youtube.com/watch?v=LGQlbZbX5MY"" target=""_blank"" rel=""noopener"">Video originale</a>","<iframe width=""280"" height=""200"" src=""https://www.youtube.com/embed/LGQlbZbX5MY"" frameborder=""0"" allow=""autoplay; encrypted-media"" allowfullscreen=""""></iframe>",Gian_Franco_Reverberi,https://zenodo.org/record/7990185/files/Santa%20Tecla_Reverberi.mp4,"<video controls preload=""metadata"" src=""https://zenodo.org/record/7990185/files/Santa%20Tecla_Reverberi.mp4"" width=""300px"" height=""220px"" ></video>"
051v,Santa Tecla,Lino Patruno,22-04-2022,https://www.youtube.com/watch?v=QBbrtlCTfa4,https://www.youtube.com/embed/QBbrtlCTfa4,45.46291656,9.192933144,"<a href=""https://www.youtube.com/watch?v=QBbrtlCTfa4"" target=""_blank"" rel=""noopener"">Video originale</a>","<iframe width=""280"" height=""200"" src=""https://www.youtube.com/embed/QBbrtlCTfa4"" frameborder=""0"" allow=""autoplay; encrypted-media"" allowfullscreen=""""></iframe>",Lino_Patruno,https://zenodo.org/record/7990185/files/Santa%20Tecla_Patruno.mp4,"<video controls preload=""metadata"" src=""https://zenodo.org/record/7990185/files/Santa%20Tecla_Patruno.mp4"" width=""300px"" height=""220px"" ></video>"
026v,Sferisterio Diana,Gaetano Liguori,17-3-2022,https://www.youtube.com/watch?v=dp7pnCSvi6A,https://www.youtube.com/embed/dp7pnCSvi6A,45.47395499,9.206498137,"<a href=""https://www.youtube.com/watch?v=dp7pnCSvi6A"" target=""_blank"" rel=""noopener"">Video originale</a>","<iframe width=""280"" height=""200"" src=""https://www.youtube.com/embed/dp7pnCSvi6A"" frameborder=""0"" allow=""autoplay; encrypted-media"" allowfullscreen=""""></iframe>",Gaetano_Liguori,https://zenodo.org/record/7990185/files/Sferisterio%20Diana_Liguori.mp4,"<video controls preload=""metadata"" src=""https://zenodo.org/record/7990185/files/Sferisterio%20Diana_Liguori.mp4"" width=""300px"" height=""220px"" ></video>"
001s,Studio 7,Natale Massara,15-03-2022,,,45.46772918,9.198183488,"<a href=""https://www.youtube.com/watch?v=tf_l-D3XLiA"" target=""_blank"" rel=""noopener"">Video originale</a>","<iframe width=""280"" height=""200"" src=""https://www.youtube.com/embed/tf_l-D3XLiA?rel=0"" frameborder=""0"" allow=""autoplay; encrypted-media"" allowfullscreen=""""></iframe>",Natale_Massara,https://zenodo.org/record/7990185/files/Studio7_Massara.mp4,"<video controls preload=""metadata"" src=""https://zenodo.org/record/7990185/files/Studio7_Massara.mp4"" width=""300px"" height=""220px"" ></video>"
033v,Studio di Fonologia,Bruno Canino,03-03-2022,https://www.youtube.com/watch?v=223GhnOaCSs,https://www.youtube.com/embed/223GhnOaCSs,45.47941869,9.167090762,"<a href=""https://www.youtube.com/watch?v=223GhnOaCSs"" target=""_blank"" rel=""noopener"">Video originale</a>","<iframe width=""280"" height=""200"" src=""https://www.youtube.com/embed/223GhnOaCSs"" frameborder=""0"" allow=""autoplay; encrypted-media"" allowfullscreen=""""></iframe>",Bruno_Canino,https://zenodo.org/record/7990185/files/Studio%20di%20Fonologia_Canino.mp4,"<video controls preload=""metadata"" src=""https://zenodo.org/record/7990185/files/Studio%20di%20Fonologia_Canino.mp4"" width=""300px"" height=""220px"" ></video>"
039v,Studio di Fonologia,Giacomo Manzoni,03-03-2022,https://www.youtube.com/watch?v=Cbbzake7hDM,https://www.youtube.com/embed/Cbbzake7hDM,45.47908149,9.167007545,"<a href=""https://www.youtube.com/watch?v=Cbbzake7hDM"" target=""_blank"" rel=""noopener"">Video originale</a>","<iframe width=""280"" height=""200"" src=""https://www.youtube.com/embed/Cbbzake7hDM"" frameborder=""0"" allow=""autoplay; encrypted-media"" allowfullscreen=""""></iframe>",Giacomo_Manzoni,https://zenodo.org/record/7990185/files/Fonologia_Manzoni.mp4,"<video controls preload=""metadata"" src=""https://zenodo.org/record/7990185/files/Fonologia_Manzoni.mp4"" width=""300px"" height=""220px"" ></video>"
046v,Studio Ricordi,Gian Franco Reverberi,22-04-2022,https://www.youtube.com/watch?v=ckRIMrwEyu8,https://www.youtube.com/embed/ckRIMrwEyu8,45.46559241,9.190962608,"<a href=""https://www.youtube.com/watch?v=ckRIMrwEyu8"" target=""_blank"" rel=""noopener"">Video originale</a>","<iframe width=""280"" height=""200"" src=""https://www.youtube.com/embed/ckRIMrwEyu8"" frameborder=""0"" allow=""autoplay; encrypted-media"" allowfullscreen=""""></iframe>",Gian_Franco_Reverberi,https://zenodo.org/record/7990185/files/Studio%20Ricordi_Reverberi.mp4,"<video controls preload=""metadata"" src=""https://zenodo.org/record/7990185/files/Studio%20Ricordi_Reverberi.mp4"" width=""300px"" height=""220px"" ></video>"
010v,Taverna Messicana,Enrico Intra,11-02-2022,,,45.46684357,9.181081792,"<a href=""https://www.youtube.com/watch?v=TVC9IaG3fV8"" target=""_blank"" rel=""noopener"">Video originale</a>","<iframe width=""280"" height=""200"" src=""https://www.youtube.com/embed/TVC9IaG3fV8"" frameborder=""0"" allow=""autoplay; encrypted-media"" allowfullscreen=""""></iframe>",Enrico_Intra,https://zenodo.org/record/7990185/files/Taverna%20Messicana_Intra.mp4,"<video controls preload=""metadata"" src=""https://zenodo.org/record/7990185/files/Taverna%20Messicana_Intra.mp4"" width=""300px"" height=""220px"" ></video>"
047v,Teatrino del Corso,Gian Franco Reverberi,22-04-2022,https://www.youtube.com/watch?v=8NA5SoG57a4,https://www.youtube.com/embed/8NA5SoG57a4,45.4653443,9.195254234,"<a href=""https://www.youtube.com/watch?v=8NA5SoG57a4"" target=""_blank"" rel=""noopener"">Video originale</a>","<iframe width=""280"" height=""200"" src=""https://www.youtube.com/embed/8NA5SoG57a4"" frameborder=""0"" allow=""autoplay; encrypted-media"" allowfullscreen=""""></iframe>",Gian_Franco_Reverberi,https://zenodo.org/record/7990185/files/Teatrino%20del%20Corso_Reverberi.mp4,"<video controls preload=""metadata"" src=""https://zenodo.org/record/7990185/files/Teatrino%20del%20Corso_Reverberi.mp4"" width=""300px"" height=""220px"" ></video>"
034v,Teatro alla Scala,Bruno Canino,03-03-2022,https://www.youtube.com/watch?v=uL7ODruIp8k,https://www.youtube.com/embed/uL7ODruIp8k,45.46703465,9.189672141,"<a href=""https://www.youtube.com/watch?v=uL7ODruIp8k"" target=""_blank"" rel=""noopener"">Video originale</a>","<iframe width=""280"" height=""200"" src=""https://www.youtube.com/embed/uL7ODruIp8k"" frameborder=""0"" allow=""autoplay; encrypted-media"" allowfullscreen=""""></iframe>",Bruno_Canino,https://zenodo.org/record/7990185/files/Teatro%20alla%20Scala_Canino.mp4,"<video controls preload=""metadata"" src=""https://zenodo.org/record/7990185/files/Teatro%20alla%20Scala_Canino.mp4"" width=""300px"" height=""220px"" ></video>"
006v,Teatro dal Verme,Natale Massara,15-03-2022,,,45.46710027,9.181584993,"<a href=""https://www.youtube.com/watch?v=e49E_Q4-CGE"" target=""_blank"" rel=""noopener"">Video originale</a>","<iframe width=""280"" height=""200"" src=""https://www.youtube.com/embed/e49E_Q4-CGE?rel=0"" frameborder=""0"" allow=""autoplay; encrypted-media"" allowfullscreen=""""></iframe>",Natale_Massara,https://zenodo.org/record/7990185/files/Dalverme_Massara.mp4,"<video controls preload=""metadata"" src=""https://zenodo.org/record/7990185/files/Dalverme_Massara.mp4"" width=""300px"" height=""220px"" ></video>"
053v,Teatro dell'Arte,Lino Patruno,22-04-2022,https://www.youtube.com/watch?v=s_7bKyP7RvU,https://www.youtube.com/embed/s_7bKyP7RvU,45.47205977,9.173512011,"<a href=""https://www.youtube.com/watch?v=s_7bKyP7RvU"" target=""_blank"" rel=""noopener"">Video originale</a>","<iframe width=""280"" height=""200"" src=""https://www.youtube.com/embed/s_7bKyP7RvU"" frameborder=""0"" allow=""autoplay; encrypted-media"" allowfullscreen=""""></iframe>",Lino_Patruno,https://zenodo.org/record/7990185/files/Teatro%20dell_Arte_Patruno.mp4,"<video controls preload=""metadata"" src=""https://zenodo.org/record/7990185/files/Teatro%20dell_Arte_Patruno.mp4"" width=""300px"" height=""220px"" ></video>"
014v,Teatro Gerolamo,Paolo Tomelleri,23-02-2022,,,45.46423869,9.194605847,"<a href=""https://www.youtube.com/watch?v=U7vV4_9rcB8"" target=""_blank"" rel=""noopener"">Video originale</a>","<iframe width=""280"" height=""200"" src=""https://www.youtube.com/embed/U7vV4_9rcB8"" frameborder=""0"" allow=""autoplay; encrypted-media"" allowfullscreen=""""></iframe>",Paolo_Tomelleri,https://zenodo.org/record/7990185/files/Teatro%20Gerolamo_Patruno.mp4,"<video controls preload=""metadata"" src=""https://zenodo.org/record/7990185/files/Teatro%20Gerolamo_Patruno.mp4"" width=""300px"" height=""220px"" ></video>"
040v,Teatro Gerolamo,Giacomo Manzoni,03-03-2022,https://www.youtube.com/watch?v=wkHU9Vqdh0I,https://www.youtube.com/embed/wkHU9Vqdh0I,45.46414335,9.194648221,"<a href=""https://www.youtube.com/watch?v=wkHU9Vqdh0I"" target=""_blank"" rel=""noopener"">Video originale</a>","<iframe width=""280"" height=""200"" src=""https://www.youtube.com/embed/wkHU9Vqdh0I"" frameborder=""0"" allow=""autoplay; encrypted-media"" allowfullscreen=""""></iframe>",Giacomo_Manzoni,https://zenodo.org/record/7990185/files/Gerolamo_Manzoni.mp4,"<video controls preload=""metadata"" src=""https://zenodo.org/record/7990185/files/Gerolamo_Manzoni.mp4"" width=""300px"" height=""220px"" ></video>"
054v,Teatro Gerolamo,Lino Patruno,22-04-2022,https://www.youtube.com/watch?v=p0P8UikX5XU,https://www.youtube.com/embed/p0P8UikX5XU,45.4641965,9.194737709,"<a href=""https://www.youtube.com/watch?v=p0P8UikX5XU"" target=""_blank"" rel=""noopener"">Video originale</a>","<iframe width=""280"" height=""200"" src=""https://www.youtube.com/embed/p0P8UikX5XU"" frameborder=""0"" allow=""autoplay; encrypted-media"" allowfullscreen=""""></iframe>",Lino_Patruno,https://zenodo.org/record/7990185/files/Teatro%20Gerolamo_Patruno.mp4,"<video controls preload=""metadata"" src=""https://zenodo.org/record/7990185/files/Teatro%20Gerolamo_Patruno.mp4"" width=""300px"" height=""220px"" ></video>"
024v,Teatro Lirico,Gaetano Liguori,17-3-2022,https://www.youtube.com/watch?v=uzUZqb1XzNw,https://www.youtube.com/embed/uzUZqb1XzNw,45.46142455,9.191985168,"<a href=""https://www.youtube.com/watch?v=uzUZqb1XzNw"" target=""_blank"" rel=""noopener"">Video originale</a>","<iframe width=""280"" height=""200"" src=""https://www.youtube.com/embed/uzUZqb1XzNw"" frameborder=""0"" allow=""autoplay; encrypted-media"" allowfullscreen=""""></iframe>",Gaetano_Liguori,https://zenodo.org/record/7990185/files/Lirico_Liguori.mp4,"<video controls preload=""metadata"" src=""https://zenodo.org/record/7990185/files/Lirico_Liguori.mp4"" width=""300px"" height=""220px"" ></video>"
015v,Teatro Manzoni,Paolo Tomelleri,23-02-2022,,,45.47149533,9.194230931,"<a href=""https://www.youtube.com/watch?v=xh68T0Ykp6I"" target=""_blank"" rel=""noopener"">Video originale</a>","<iframe width=""280"" height=""200"" src=""https://www.youtube.com/embed/xh68T0Ykp6I"" frameborder=""0"" allow=""autoplay; encrypted-media"" allowfullscreen=""""></iframe>",Paolo_Tomelleri,https://zenodo.org/record/7990185/files/Manzoni_Tomelleri.mp4,"<video controls preload=""metadata"" src=""https://zenodo.org/record/7990185/files/Manzoni_Tomelleri.mp4"" width=""300px"" height=""220px"" ></video>"
042v,Teatro Nuovo,Giacomo Manzoni,03-03-2022,https://www.youtube.com/watch?v=qJAoBomfVR0,https://www.youtube.com/embed/qJAoBomfVR0,45.46658363,9.19730059,"<a href=""https://www.youtube.com/watch?v=qJAoBomfVR0"" target=""_blank"" rel=""noopener"">Video originale</a>","<iframe width=""280"" height=""200"" src=""https://www.youtube.com/embed/qJAoBomfVR0"" frameborder=""0"" allow=""autoplay; encrypted-media"" allowfullscreen=""""></iframe>",Giacomo_Manzoni,https://zenodo.org/record/7990185/files/Teatro%20Nuovo_Manzoni.mp4,"<video controls preload=""metadata"" src=""https://zenodo.org/record/7990185/files/Teatro%20Nuovo_Manzoni.mp4"" width=""300px"" height=""220px"" ></video>"
035v,Teatro Odeon,Bruno Canino,03-03-2022,https://www.youtube.com/watch?v=jVA9PhBn8Zk,https://www.youtube.com/embed/jVA9PhBn8Zk,45.46492766,9.1926577,"<a href=""https://www.youtube.com/watch?v=jVA9PhBn8Zk"" target=""_blank"" rel=""noopener"">Video originale</a>","<iframe width=""280"" height=""200"" src=""https://www.youtube.com/embed/jVA9PhBn8Zk"" frameborder=""0"" allow=""autoplay; encrypted-media"" allowfullscreen=""""></iframe>",Bruno_Canino,https://zenodo.org/record/7990185/files/Teatro%20Odeon_Canino.mp4,"<video controls preload=""metadata"" src=""https://zenodo.org/record/7990185/files/Teatro%20Odeon_Canino.mp4"" width=""300px"" height=""220px"" ></video>"
003v,Teatro Olimpia,Natale Massara,15-03-2022,,,45.46858448,9.182344979,"<a href=""https://www.youtube.com/watch?v=w2EVx_ALDeU"" target=""_blank"" rel=""noopener"">Video originale</a>","<iframe width=""280"" height=""200"" src=""https://www.youtube.com/embed/w2EVx_ALDeU?rel=0"" frameborder=""0"" allow=""autoplay; encrypted-media"" allowfullscreen=""""></iframe>",Natale_Massara,https://zenodo.org/record/7990185/files/Olimpia_Massara.mp4,"<video controls preload=""metadata"" src=""https://zenodo.org/record/7990185/files/Olimpia_Massara.mp4"" width=""300px"" height=""220px"" ></video>"
056v,Teatro San Marco,Lino Patruno,22-04-2022,https://www.youtube.com/watch?v=7-8YH7d5_9c,https://www.youtube.com/embed/7-8YH7d5_9c,45.47346118,9.18784055,"<a href=""https://www.youtube.com/watch?v=7-8YH7d5_9c"" target=""_blank"" rel=""noopener"">Video originale</a>","<iframe width=""280"" height=""200"" src=""https://www.youtube.com/embed/7-8YH7d5_9c"" frameborder=""0"" allow=""autoplay; encrypted-media"" allowfullscreen=""""></iframe>",Lino_Patruno,https://zenodo.org/record/7990185/files/Teatro%20San%20Marco_Patruno.mp4,"<video controls preload=""metadata"" src=""https://zenodo.org/record/7990185/files/Teatro%20San%20Marco_Patruno.mp4"" width=""300px"" height=""220px"" ></video>"
011v,Triennale,Enrico Intra,11-02-2022,,,45.47210637,9.173398544,"<a href=""https://www.youtube.com/watch?v=US36q016tPg"" target=""_blank"" rel=""noopener"">Video originale</a>","<iframe width=""280"" height=""200"" src=""https://www.youtube.com/embed/US36q016tPg"" frameborder=""0"" allow=""autoplay; encrypted-media"" allowfullscreen=""""></iframe>",Enrico_Intra,https://zenodo.org/record/7990185/files/Triennale_Intra.mp4,"<video controls preload=""metadata"" src=""https://zenodo.org/record/7990185/files/Triennale_Intra.mp4"" width=""300px"" height=""220px"" ></video>"
057v,U.S.I.S.,Lino Patruno,22-04-2022,https://www.youtube.com/watch?v=QSnTdPYFWbo,https://www.youtube.com/embed/QSnTdPYFWbo,45.46840098,9.193883197,"<a href=""https://www.youtube.com/watch?v=QSnTdPYFWbo"" target=""_blank"" rel=""noopener"">Video originale</a>","<iframe width=""280"" height=""200"" src=""https://www.youtube.com/embed/QSnTdPYFWbo"" frameborder=""0"" allow=""autoplay; encrypted-media"" allowfullscreen=""""></iframe>",Lino_Patruno,https://zenodo.org/record/7990185/files/Usis_Patruno.mp4,"<video controls preload=""metadata"" src=""https://zenodo.org/record/7990185/files/Usis_Patruno.mp4"" width=""300px"" height=""220px"" ></video>"
043v,Umanitaria,Giacomo Manzoni,03-03-2022,https://www.youtube.com/watch?v=VVTEkLLGGJo,https://www.youtube.com/embed/VVTEkLLGGJo,45.45911946,9.201463551,"<a href=""https://www.youtube.com/watch?v=VVTEkLLGGJo"" target=""_blank"" rel=""noopener"">Video originale</a>","<iframe width=""280"" height=""200"" src=""https://www.youtube.com/embed/VVTEkLLGGJo"" frameborder=""0"" allow=""autoplay; encrypted-media"" allowfullscreen=""""></iframe>",Giacomo_Manzoni,https://zenodo.org/record/7990185/files/Umanitaria_Manzoni.mp4,"<video controls preload=""metadata"" src=""https://zenodo.org/record/7990185/files/Umanitaria_Manzoni.mp4"" width=""300px"" height=""220px"" ></video>"